,mcap,liquidity,scams,worth,contract_age,pair_age,wallet,safu_score,buy_tax,owner_type_UNKNOWN,source_Coinbase,source_Kraken,source_SideShift,holds_qty,holds_amt,spoofed_qty,snipers_qty,whales_pct,printed
0,57285,17.5,0.6,775.0,1450,1,3508,69,4.0,0.0,0.0,0.0,0.0,21.0,516.3,1.0,2.0,17.8,False
1,25856,3.2,0.4461538461538462,2502.0,10,0,4241,94,0.0,0.0,0.0,0.0,0.0,70.0,37.9,6.0,46.0,0.0,False
2,34950,3.7,0.4461538461538462,7384.0,17,7,3447,100,0.0,0.0,0.0,0.0,0.0,118.0,83.6,3.0,31.0,1.8,False
3,17077,1.6,0.1818181818181818,260.0,29,0,4318,100,0.0,0.0,0.0,0.0,0.0,2.0,0.1,0.0,6.0,0.0,False
4,15059,2.7,0.9130434782608696,0.0,31,42,5886,93,0.0,1.0,0.0,0.0,0.0,31.0,8.9,0.0,1.0,0.0,False
5,13657,6.0,1.0,9844.0,5,0,3286,94,0.0,0.0,0.0,0.0,0.0,3.0,0.0,0.0,0.0,0.0,True
6,11179,1.3,0.1818181818181818,228.0,41,11,3929,100,0.0,0.0,0.0,0.0,0.0,74.0,26.6,0.0,1.0,0.0,False
7,3298,1.3,0.3,1067.0,50,1,8402,100,5.0,0.0,1.0,0.0,0.0,13.0,6.7,0.0,5.0,0.0,True
8,5655,0.9,0.1818181818181818,226.0,44,15,3574,100,0.0,0.0,0.0,0.0,0.0,69.0,27.3,0.0,1.0,0.0,False
9,14289,2.7,0.3,956.0,55,6,3203,96,5.0,0.0,1.0,0.0,0.0,45.0,25.2,0.0,4.0,0.0,True
10,29902,3.9,0.3,1202.0,58,9,9622,81,5.0,0.0,1.0,0.0,0.0,63.0,36.9,0.0,4.0,0.0,False
11,41628,4.1,0.4461538461538462,7152.0,20,10,3036,94,0.0,0.0,0.0,0.0,0.0,124.0,80.1,3.0,30.0,1.8,False
12,3685,1.3,0.8,1407.0,20,8,3030,97,0.0,0.0,0.0,0.0,0.0,10.0,1.6,0.0,4.0,0.0,False
13,3732,1.4,1.0,664.0,17,10,6812,100,0.0,0.0,0.0,0.0,0.0,13.0,2.1,0.0,0.0,0.0,True
14,8417,3.0,0.6923076923076923,943.0,11,7,3624,75,5.0,0.0,0.0,0.0,0.0,26.0,7.4,0.0,10.0,0.0,False
15,51284,4.6,0.4461538461538462,9909.0,34,24,7798,80,0.0,0.0,0.0,0.0,0.0,187.0,70.4,1.0,14.0,1.8,True
16,14927,3.8,0.3333333333333333,12331.0,50,23,7013,91,5.0,0.0,0.0,0.0,0.0,88.0,47.7,1.0,4.0,0.0,False
17,16258,4.0,0.0,3710.0,32,9,3775,83,10.0,1.0,0.0,0.0,0.0,45.0,21.3,0.0,2.0,0.0,False
18,27762,3.4,0.4461538461538462,9911.0,48,38,20217,90,0.0,0.0,0.0,0.0,0.0,174.0,68.9,1.0,9.0,1.8,True
19,19446,4.3,0.8823529411764706,367.0,3,1,3385,84,0.0,0.0,0.0,0.0,0.0,29.0,280.0,0.0,20.0,5.3,False
20,21349,3.0,0.4461538461538462,9916.0,13,4,7839,79,0.0,0.0,0.0,0.0,0.0,138.0,148.5,1.0,7.0,2.3,False
21,856,0.3,0.0,1232.0,27,22,3499,85,0.0,0.0,0.0,0.0,0.0,46.0,74.3,0.0,1.0,0.0,True
22,1188,0.4,0.0,1232.0,27,22,5595,87,0.0,0.0,0.0,0.0,0.0,46.0,74.2,0.0,1.0,0.0,True
23,16979,1.5,0.0,1232.0,29,23,6430,75,0.0,0.0,0.0,0.0,0.0,180.0,134.3,0.0,1.0,0.5,False
24,48199,8.5,0.55,9033.0,26,14,23327,100,0.0,0.0,0.0,0.0,0.0,114.0,405.1,0.0,4.0,4.6,False
25,99101,8.6,0.7157360406091371,652.0,12,7,91514,100,0.0,0.0,0.0,0.0,0.0,125.0,207.3,0.0,19.0,2.3,False
26,89960,8.2,0.7157360406091371,652.0,21,15,3287,94,0.0,0.0,0.0,0.0,0.0,134.0,207.9,0.0,19.0,2.3,False
27,36702,6.0,0.3333333333333333,12788.0,56,30,3858,98,5.0,0.0,0.0,0.0,0.0,104.0,50.4,1.0,4.0,0.0,True
28,1554,0.6,0.0,856.0,26,23,4553,63,0.0,0.0,0.0,0.0,0.0,24.0,21.4,0.0,1.0,0.0,True
29,9320,2.2,0.6923076923076923,369.0,5765,0,6221,75,20.0,0.0,0.0,0.0,0.0,33.0,64.3,0.0,23.0,1.6,True
30,3996,1.0,0.0,855.0,47,44,55530,86,0.0,0.0,0.0,0.0,0.0,49.0,123.8,0.0,1.0,0.9,False
31,28425,3.9,0.3,524.0,41,50,71627,100,2.0,0.0,1.0,0.0,0.0,97.0,25.5,0.0,2.0,0.0,False
32,3088,1.0,0.3571428571428571,185.0,41,30,3202,95,10.0,0.0,0.0,0.0,0.0,17.0,1.5,1.0,0.0,0.0,False
33,38633,3.8,0.0,1444.0,39,6,3197,89,1.0,0.0,0.0,0.0,0.0,177.0,99.1,1.0,2.0,1.4,True
34,5593,1.4,0.3571428571428571,106.0,29,17,13744,72,0.0,0.0,0.0,0.0,0.0,27.0,6.2,1.0,0.0,0.0,False
35,55253,10.3,1.0,0.0,95052,95050,8500,100,0.0,0.0,0.0,0.0,0.0,514.0,266.8,7.0,0.0,1.3,False
36,16172,3.7,0.3278688524590163,5983.0,7223,7223,5552,75,2.0,0.0,0.0,0.0,0.0,104.0,112.4,0.0,2.0,1.9,True
37,12196,2.4,0.5674157303370787,2943.0,7,3,6421,100,0.0,0.0,0.0,0.0,0.0,38.0,46.7,0.0,6.0,0.0,False
38,7826,2.9,0.5625,827.0,4,1,4384,45,0.0,0.0,0.0,0.0,0.0,24.0,58.0,0.0,8.0,0.0,True
39,6110,1.7,0.5642458100558659,591.0,12,1,5869,75,0.0,0.0,0.0,0.0,0.0,16.0,18.3,0.0,4.0,0.0,False
40,41833,5.9,0.3278688524590163,5983.0,7223,7223,4712,99,2.0,0.0,0.0,0.0,0.0,111.0,112.5,0.0,2.0,1.9,False
41,21238,4.8,0.625,3637.0,11,8,8561,25,0.0,0.0,0.0,0.0,0.0,83.0,110.2,0.0,8.0,0.0,True
42,4633,1.4,0.4871794871794871,239.0,18,0,3234,86,20.0,0.0,0.0,0.0,0.0,30.0,12.0,0.0,24.0,0.0,False
43,6866,1.7,0.4871794871794871,239.0,18,0,3128,56,0.0,0.0,0.0,0.0,0.0,42.0,32.8,0.0,24.0,0.0,False
44,10723,2.1,0.4871794871794871,239.0,19,1,4549,99,0.0,0.0,0.0,0.0,0.0,60.0,44.9,0.0,24.0,0.0,False
45,17088,2.7,0.4871794871794871,239.0,19,1,11610,80,0.0,0.0,0.0,0.0,0.0,86.0,123.2,0.0,24.0,0.6,False
46,25432,3.3,0.4871794871794871,239.0,20,1,6634,90,0.0,0.0,0.0,0.0,0.0,91.0,115.4,0.0,24.0,0.6,False
47,74824,13.2,0.6798679867986799,20604.0,54,34,18472,100,2.0,0.0,0.0,0.0,0.0,218.0,304.6,1.0,19.0,2.6,False
48,39662,4.2,0.4871794871794871,4195.0,30,11,6156,93,0.0,0.0,0.0,0.0,0.0,172.0,117.4,0.0,14.0,0.6,False
49,44024,11.6,0.65,13.0,537138,537138,5694,75,0.0,0.0,0.0,0.0,0.0,169.0,440.7,0.0,0.0,2.7,False
50,61091,5.2,0.4871794871794871,9078.0,33,14,5548,100,0.0,0.0,0.0,0.0,0.0,192.0,233.4,0.0,14.0,2.6,False
51,90619,6.3,0.4871794871794871,9110.0,34,16,6465,85,0.0,0.0,0.0,0.0,0.0,204.0,247.8,0.0,14.0,2.6,False
52,3070,1.3,0.0,1082.0,9,0,29210,72,56.0,0.0,0.0,0.0,0.0,24.0,41.1,0.0,15.0,0.0,True
53,17326,2.7,0.4461538461538462,988.0,1448,1448,7412,100,0.0,0.0,0.0,0.0,0.0,60.0,47.8,0.0,1.0,1.0,False
54,5721,1.8,0.0,1078.0,10,2,4136,43,28.0,0.0,0.0,0.0,0.0,44.0,73.8,0.0,15.0,0.0,False
55,11591,2.9,0.55,630.0,6,0,6900,75,0.0,0.0,0.0,0.0,0.0,26.0,32.9,0.0,13.0,0.0,True
56,8043,2.0,0.0,7856.0,17,0,3145,98,25.0,0.0,0.0,0.0,0.0,10.0,15.8,0.0,8.0,0.0,True
57,23493,5.0,0.8571428571428571,946.0,4,3,7053,100,0.0,1.0,0.0,0.0,0.0,39.0,18.6,0.0,16.0,0.0,True
58,8043,2.0,0.0,7856.0,17,0,15406,76,25.0,0.0,0.0,0.0,0.0,27.0,38.3,0.0,8.0,0.0,False
59,13656,2.6,0.0,12261.0,19,1,7874,100,25.0,0.0,0.0,0.0,0.0,56.0,64.7,0.0,7.0,0.0,True
60,56524,5.2,0.4871794871794871,9110.0,55,37,5917,93,0.0,0.0,0.0,0.0,0.0,408.0,349.6,1.0,1.0,4.1,False
61,31849,3.7,0.5760869565217391,5613.0,7,3,7649,100,0.0,0.0,0.0,0.0,0.0,86.0,33.7,0.0,23.0,0.0,False
62,31366,4.8,0.55,1164.0,7,1,4066,42,0.0,0.0,0.0,0.0,0.0,53.0,82.8,0.0,13.0,0.0,False
63,27020,5.5,0.8571428571428571,937.0,15,14,25940,92,0.0,1.0,0.0,0.0,0.0,78.0,228.4,1.0,7.0,2.5,False
64,23529,4.2,0.55,10235.0,19,13,7619,100,0.0,0.0,0.0,0.0,0.0,141.0,105.4,0.0,12.0,0.0,False
65,53403,12.8,0.65,13.0,537140,537140,7477,100,0.0,0.0,0.0,0.0,0.0,185.0,624.6,0.0,0.0,3.1,False
66,7513,2.9,0.8571428571428571,937.0,25,24,16266,90,0.0,1.0,0.0,0.0,0.0,50.0,190.8,1.0,1.0,2.5,True
67,3774,1.3,0.5,617.0,5,0,3119,67,20.0,0.0,0.0,0.0,0.0,8.0,5.1,0.0,7.0,0.0,True
68,38630,9.7,0.7948717948717948,168.0,13,0,7064,75,0.0,1.0,0.0,0.0,0.0,18.0,13.9,1.0,9.0,0.0,True
69,27981,3.5,0.2941176470588235,5851.0,30,11,4033,94,0.0,0.0,0.0,0.0,0.0,104.0,46.3,0.0,11.0,0.0,False
70,17017,3.6,0.55,10234.0,28,22,5664,100,0.0,0.0,0.0,0.0,0.0,114.0,77.5,0.0,11.0,0.0,True
71,6045,1.7,1.0,486.0,28,15,16779,93,1.0,1.0,0.0,0.0,0.0,17.0,19.2,0.0,0.0,0.0,True
72,4404,1.4,0.0,753.0,7,0,7593,75,0.0,0.0,0.0,0.0,0.0,36.0,19.0,0.0,33.0,0.0,False
73,7615,1.8,0.0,753.0,7,0,7564,75,0.0,0.0,0.0,0.0,0.0,36.0,18.8,0.0,33.0,0.0,False
74,28831,3.6,0.2941176470588235,5851.0,45,26,3428,99,0.0,0.0,0.0,0.0,0.0,148.0,122.1,1.0,4.0,0.7,False
75,30276,3.7,0.2941176470588235,5851.0,48,30,5898,90,0.0,0.0,0.0,0.0,0.0,137.0,113.7,1.0,3.0,0.7,False
76,4111,1.5,0.53,96.0,18,0,3614,49,20.0,0.0,0.0,0.0,0.0,18.0,12.1,0.0,16.0,0.0,True
77,22444,3.1,0.0,753.0,8,1,7450,75,0.0,0.0,0.0,0.0,0.0,91.0,71.6,0.0,33.0,0.5,True
78,9653,3.3,0.8571428571428571,0.0,30,28,6562,100,0.0,1.0,0.0,0.0,0.0,49.0,186.7,1.0,1.0,2.5,True
79,7933,1.9,0.2898550724637681,701.0,25,4,3149,100,0.0,0.0,0.0,0.0,0.0,19.0,6.4,0.0,7.0,0.0,False
80,31746,4.2,0.7338709677419355,6776.0,22,17,3300,97,0.0,0.0,0.0,0.0,0.0,114.0,131.2,0.0,16.0,0.0,False
81,17410,4.4,0.8571428571428571,0.0,4,3,6916,96,0.0,1.0,0.0,0.0,0.0,69.0,193.4,1.0,1.0,2.5,False
82,45708,4.5,0.2941176470588235,5852.0,50,32,3281,100,0.0,0.0,0.0,0.0,0.0,143.0,114.8,1.0,3.0,0.7,False
83,10035,2.5,0.4936708860759494,75.0,99375,99375,10862,100,0.0,0.0,0.0,0.0,0.0,152.0,31.0,0.0,15.0,0.0,False
84,32318,3.6,0.2857142857142857,3314.0,29,8,3748,84,0.0,0.0,0.0,0.0,0.0,90.0,38.6,0.0,48.0,0.0,False
85,57967,5.6,0.7338709677419355,6776.0,27,22,6435,91,0.0,0.0,0.0,0.0,0.0,144.0,138.3,0.0,16.0,0.0,True
86,28262,4.0,0.7338709677419355,6775.0,33,28,3709,99,0.0,0.0,0.0,0.0,0.0,143.0,135.2,0.0,16.0,0.0,True
87,26396,3.6,0.9130434782608696,0.0,42,53,13696,72,0.0,1.0,0.0,0.0,0.0,40.0,15.4,0.0,1.0,0.0,False
88,11248,2.5,0.4864864864864865,376.0,12,3,3502,70,25.0,0.0,0.0,0.0,0.0,31.0,11.2,0.0,7.0,0.0,False
89,17547,3.1,0.4864864864864865,376.0,14,5,3496,70,25.0,0.0,0.0,0.0,0.0,40.0,14.0,0.0,7.0,0.0,False
90,10228,2.4,0.7338709677419355,5817.0,44,39,18895,90,0.0,0.0,0.0,0.0,0.0,90.0,191.3,0.0,5.0,0.5,False
91,6819,2.9,0.0,2599.0,4,0,4863,33,15.0,0.0,0.0,0.0,0.0,1.0,1.4,0.0,9.0,0.0,True
92,8709,2.1,0.0,471.0,33,22,3195,47,0.7,0.0,0.0,0.0,0.0,37.0,21.9,8.0,6.0,0.0,True
93,13391,2.4,0.2816901408450704,2824.0,18,4,3441,97,0.0,0.0,0.0,0.0,0.0,53.0,25.7,0.0,22.0,0.0,False
94,18598,4.8,0.0,3092.0,9,4,8164,33,10.0,0.0,0.0,0.0,0.0,23.0,64.5,0.0,9.0,0.8,True
95,73852,5.8,0.2857142857142857,5857.0,22,3,7325,100,0.0,0.0,0.0,0.0,0.0,173.0,114.1,1.0,2.0,0.7,False
96,10211,2.3,0.4864864864864865,3375.0,30,21,4202,100,25.0,0.0,0.0,0.0,0.0,51.0,22.5,0.0,7.0,0.0,False
97,28133,3.4,0.2816901408450704,9322.0,56,35,6342,97,0.0,0.0,0.0,0.0,0.0,130.0,51.1,0.0,32.0,0.0,True
98,29051,3.9,0.4848484848484848,0.0,31,13,5731,93,0.0,0.0,0.0,0.0,0.0,263.0,267.7,1.0,0.0,2.8,True
99,13772,2.7,0.4848484848484848,0.0,3,44,4637,78,0.0,0.0,0.0,0.0,0.0,257.0,353.7,1.0,0.0,3.2,False
100,69833,5.4,0.2816901408450704,8862.0,11,49,20881,94,0.0,0.0,0.0,0.0,0.0,154.0,89.3,0.0,24.0,0.0,False
101,85810,6.1,0.2816901408450704,8864.0,29,7,5831,90,0.0,0.0,0.0,0.0,0.0,179.0,73.6,0.0,14.0,0.0,False
102,17725,2.2,0.3333333333333333,154.0,50,18,4079,100,1.0,0.0,1.0,0.0,0.0,96.0,56.9,0.0,6.0,0.0,True
103,20194,3.0,0.0,3683.0,2,54,3622,100,0.0,0.0,0.0,0.0,0.0,112.0,40.8,0.0,4.0,0.0,False
104,15602,2.8,0.0,469.0,36,25,3222,48,0.7,0.0,0.0,0.0,0.0,51.0,22.1,8.0,6.0,0.0,True
105,31812,3.8,0.0,3683.0,4,56,7701,100,0.0,0.0,0.0,0.0,0.0,119.0,42.1,0.0,4.0,0.0,False
106,72608,5.9,0.2816901408450704,6397.0,35,17,5505,94,0.0,0.0,0.0,0.0,0.0,253.0,138.7,1.0,2.0,0.7,True
107,2386,0.7,0.4824120603015075,2248.0,28,24,20601,100,0.0,0.0,0.0,0.0,0.0,36.0,3.7,0.0,0.0,0.0,False
108,4951,1.4,0.0,346.0,13,1,11589,59,0.0,0.0,0.0,0.0,0.0,12.0,1.7,0.0,5.0,0.0,True
109,9378,2.0,0.48,916.0,31,0,4303,96,0.0,0.0,0.0,0.0,0.0,25.0,11.5,0.0,24.0,0.0,False
110,14422,4.4,0.7857142857142857,1292.0,406081,406081,16635,92,4.0,0.0,0.0,0.0,0.0,170.0,248.4,1.0,0.0,1.1,False
111,14325,2.7,0.4848484848484848,0.0,54,36,4610,94,0.0,0.0,0.0,0.0,0.0,251.0,356.1,1.0,0.0,3.2,False
112,41915,4.7,0.4864864864864865,1180.0,47,38,8750,100,1.0,0.0,0.0,0.0,0.0,89.0,17.0,0.0,5.0,0.0,True
113,73659,5.6,0.2816901408450704,8865.0,43,21,8298,100,0.0,0.0,0.0,0.0,0.0,202.0,74.4,0.0,9.0,0.0,False
114,14597,2.7,0.6944444444444444,2336.0,48,40,3093,57,0.0,0.0,0.0,0.0,0.0,49.0,22.7,0.0,1.0,0.0,False
115,40576,4.2,0.4776119402985074,668.0,56,0,3340,70,0.0,0.0,0.0,0.0,0.0,54.0,36.5,2.0,53.0,0.0,True
116,5037,1.7,0.0,659.0,24,8,3129,47,5.9,0.0,0.0,0.0,0.0,18.0,1.3,0.0,3.0,0.0,True
117,2021,1.0,0.0,721.0,18,2,13235,80,20.0,0.0,0.0,0.0,0.0,4.0,0.6,0.0,1.0,0.0,True
118,17031,2.8,0.4776119402985074,7705.0,35,38,3170,92,0.0,0.0,0.0,0.0,0.0,106.0,30.2,0.0,17.0,0.0,False
119,24011,3.3,0.5,3654.0,25,18,3665,100,0.0,0.0,0.0,0.0,0.0,125.0,33.8,0.0,0.0,0.0,False
120,5037,1.7,0.0,659.0,24,8,3129,47,5.9,0.0,0.0,0.0,0.0,18.0,1.3,0.0,3.0,0.0,True
121,37987,4.6,0.0,652.0,2,45,3502,75,6.0,0.0,0.0,0.0,0.0,66.0,39.0,0.0,3.0,0.0,False
122,9077,1.6,0.2857142857142857,223.0,33,29,3731,91,0.0,1.0,0.0,0.0,0.0,10.0,8.0,0.0,1.0,0.0,False
123,21957,3.3,0.625,2466.0,4,40,14249,95,0.0,0.0,0.0,0.0,0.0,90.0,58.4,1.0,18.0,0.0,True
124,48714,10.7,0.6840390879478827,20806.0,43,23,18816,90,2.0,0.0,0.0,0.0,0.0,197.0,323.0,1.0,19.0,2.6,False
125,24251,3.7,0.0,48.0,20,4,4396,97,6.0,0.0,0.0,0.0,0.0,75.0,72.4,0.0,3.0,0.0,True
126,95241,6.9,0.0,466.0,15,4,3072,100,1.0,0.0,0.0,0.0,0.0,167.0,118.2,8.0,5.0,1.9,False
127,87096,11.9,0.8571428571428571,990.0,4,3,48620,100,0.0,1.0,0.0,0.0,0.0,48.0,27.2,1.0,18.0,0.0,False
128,2389,1.0,0.5698924731182796,3139.0,4,0,3995,94,15.0,0.0,0.0,0.0,0.0,2.0,9.9,0.0,1.0,0.0,False
129,36977,4.1,0.2816901408450704,8858.0,54,33,13678,95,0.0,0.0,0.0,0.0,0.0,171.0,131.8,1.0,3.0,0.9,False
130,48417,8.9,0.8571428571428571,990.0,7,6,15882,75,0.0,1.0,0.0,0.0,0.0,50.0,40.4,1.0,18.0,0.0,True
131,58706,9.8,0.8571428571428571,983.0,10,9,7795,100,0.0,1.0,0.0,0.0,0.0,66.0,14.2,0.0,17.0,0.0,True
132,10702,2.4,0.4776119402985074,0.0,26,8,3063,100,0.0,0.0,0.0,0.0,0.0,247.0,349.2,1.0,0.0,3.2,False
133,16458,3.9,0.55,6388.0,32,9,3314,40,0.0,0.0,0.0,0.0,0.0,38.0,31.3,0.0,20.0,0.0,False
134,19633,3.2,0.0,546.0,24,7,3726,100,1.0,0.0,0.0,0.0,0.0,49.0,41.0,0.0,1.0,0.0,True
135,17869,4.5,0.5436046511627907,3156.0,40,26,4151,100,0.0,0.0,0.0,0.0,0.0,10.0,6.7,0.0,0.0,0.0,False
136,7564,1.9,0.0,1193.0,75,36,3073,100,1.0,0.0,0.0,0.0,0.0,47.0,32.6,0.0,0.0,0.0,False
137,16307,6.4,0.2142857142857142,20.0,21603,15858,9812,90,0.0,0.0,0.0,0.0,0.0,72.0,110.2,1.0,0.0,1.3,True
138,5085,2.3,0.7857142857142857,1630.0,16,0,14621,58,0.0,0.0,0.0,0.0,0.0,9.0,3.3,0.0,2.0,0.0,True
139,14493,2.6,0.2777777777777778,8813.0,29,8,13884,95,0.0,0.0,0.0,0.0,0.0,137.0,208.0,1.0,2.0,1.3,False
140,13281,3.2,0.55,10244.0,51,45,18980,90,0.0,0.0,0.0,0.0,0.0,101.0,154.0,1.0,11.0,0.7,False
141,19797,4.6,0.7857142857142857,1882.0,21,6,3172,96,0.0,0.0,0.0,0.0,0.0,40.0,30.2,0.0,1.0,0.0,False
142,46069,7.1,0.7857142857142857,2317.0,30,14,8868,88,0.0,0.0,0.0,0.0,0.0,60.0,53.7,0.0,0.0,0.0,False
143,85629,9.7,0.7857142857142857,2317.0,33,17,49457,100,0.0,0.0,0.0,0.0,0.0,72.0,107.4,0.0,1.0,3.5,False
144,7230,1.8,0.273972602739726,2489.0,53,31,3648,100,0.0,0.0,0.0,0.0,0.0,35.0,11.7,0.0,0.0,0.0,True
145,3973,1.3,0.273972602739726,2490.0,2,39,3664,100,0.0,0.0,0.0,0.0,0.0,27.0,8.4,0.0,0.0,0.0,True
146,5737,1.8,0.8218085106382979,867.0,2,0,13972,60,40.0,0.0,0.0,0.0,0.0,19.0,59.9,0.0,19.0,0.0,False
147,10769,2.2,0.6365461847389559,2872.0,42,25,3206,92,0.0,0.0,0.0,0.0,0.0,77.0,80.2,0.0,22.0,0.0,True
148,53409,7.7,0.7857142857142857,1311.0,7,50,3404,96,0.0,0.0,0.0,0.0,0.0,76.0,119.6,0.0,0.0,3.5,False
149,19971,2.9,0.2702702702702703,4127.0,50,19,6488,100,0.0,0.0,0.0,0.0,0.0,75.0,100.4,0.0,2.0,1.9,False
150,53979,7.7,0.7857142857142857,240.0,35,19,3365,96,0.0,0.0,0.0,0.0,0.0,87.0,40.3,0.0,0.0,0.0,False
151,49923,9.8,0.5476190476190477,0.0,5773,5773,10785,100,0.0,0.0,0.0,0.0,0.0,296.0,116.2,1.0,0.0,0.3,False
152,11234,2.9,0.622895622895623,620.0,77782,77773,25104,95,0.0,0.0,0.0,0.0,0.0,360.0,212.1,1.0,4.0,0.9,False
153,70848,5.6,0.2666666666666666,4836.0,45,15,10410,100,0.0,0.0,0.0,0.0,0.0,160.0,147.8,0.0,0.0,3.0,True
154,3778,1.0,0.1304347826086956,48.0,14,8,13081,80,2.0,0.0,0.0,0.0,0.0,12.0,4.7,0.0,0.0,0.0,False
155,6752,1.3,0.1304347826086956,48.0,14,8,13063,80,2.0,0.0,0.0,0.0,0.0,14.0,6.1,0.0,0.0,0.0,False
156,7194,1.4,0.1304347826086956,48.0,14,8,13045,80,2.0,0.0,0.0,0.0,0.0,14.0,6.0,0.0,0.0,0.0,False
157,15510,2.0,0.1304347826086956,48.0,15,9,12991,80,2.0,0.0,0.0,0.0,0.0,17.0,11.8,0.0,0.0,0.0,True
158,36367,4.1,0.2666666666666666,4837.0,9,37,6092,93,0.0,0.0,0.0,0.0,0.0,145.0,182.0,0.0,0.0,1.2,False
159,24249,3.2,0.4702970297029702,5344.0,60,7,4004,100,0.0,0.0,0.0,0.0,0.0,103.0,27.1,0.0,23.0,0.0,False
160,30886,4.0,0.7165354330708661,3156.0,19,16,3265,97,0.0,0.0,1.0,0.0,0.0,74.0,49.1,0.0,28.0,0.0,True
161,9751,2.3,0.7165354330708661,4272.0,43,40,5566,100,0.0,0.0,1.0,0.0,0.0,77.0,31.5,0.0,18.0,0.0,False
162,42098,4.4,0.2666666666666666,4837.0,19,47,5939,94,0.0,0.0,0.0,0.0,0.0,155.0,272.1,1.0,0.0,1.8,False
163,24952,3.3,0.4702970297029702,6153.0,18,24,13779,91,0.0,0.0,0.0,0.0,0.0,127.0,124.2,4.0,14.0,0.8,False
164,67008,7.6,0.55,2789.0,5,2,3010,90,0.0,0.0,0.0,0.0,0.0,48.0,93.4,0.0,23.0,1.6,False
165,85202,8.6,0.55,3635.0,7,4,4026,100,0.0,0.0,0.0,0.0,0.0,65.0,95.6,0.0,23.0,1.0,True
166,33384,4.3,0.6666666666666666,2152.0,9,7,8853,81,0.0,0.0,0.0,0.0,0.0,101.0,108.9,0.0,22.0,0.0,False
167,83599,6.9,0.0,45.0,5762,4333,10719,85,3.0,0.0,0.0,0.0,0.0,153.0,452.8,0.0,0.0,3.9,False
168,35926,5.6,0.55,10770.0,17,14,7181,100,0.0,0.0,0.0,0.0,0.0,74.0,47.8,0.0,23.0,0.0,False
169,16982,3.0,0.6840390879478827,1827.0,1441,45,3493,44,2.0,0.0,0.0,0.0,0.0,59.0,27.8,0.0,3.0,0.0,True
170,55861,3.9,0.6666666666666666,7336.0,32,32,18745,90,0.0,0.0,0.0,0.0,0.0,47.0,52.2,0.0,1.0,0.0,False
171,15371,2.8,0.7165354330708661,4273.0,45,42,5376,100,0.0,0.0,1.0,0.0,0.0,79.0,40.0,0.0,18.0,0.0,True
172,70045,7.9,0.55,16848.0,24,21,16022,80,0.0,0.0,0.0,0.0,0.0,100.0,52.2,0.0,15.0,0.0,False
173,43974,5.0,0.0,48.0,37,21,5271,100,6.0,0.0,0.0,0.0,0.0,91.0,88.9,0.0,3.0,0.0,True
174,15013,2.6,0.4702970297029702,6229.0,38,44,4672,100,0.0,0.0,0.0,0.0,0.0,124.0,117.3,1.0,5.0,0.8,True
175,29556,4.7,0.622895622895623,620.0,77783,77774,4285,100,0.0,0.0,0.0,0.0,0.0,384.0,223.6,1.0,4.0,0.9,True
176,34980,4.2,0.2816901408450704,71.0,38,20,3064,100,0.0,0.0,0.0,0.0,0.0,190.0,114.8,1.0,1.0,0.8,True
177,8394,2.2,0.7338709677419355,5225.0,2,56,3926,99,0.0,0.0,0.0,0.0,0.0,74.0,197.0,0.0,3.0,0.5,True
178,89627,8.9,0.55,16848.0,28,25,7728,100,0.0,0.0,0.0,0.0,0.0,115.0,59.4,0.0,15.0,0.0,True
179,26768,3.3,0.2631578947368421,1678.0,10,0,3251,77,0.0,0.0,0.0,0.0,0.0,54.0,49.9,0.0,52.0,0.0,False
180,16717,3.0,0.0,548.0,62,45,44509,100,1.0,0.0,0.0,0.0,0.0,99.0,32.9,0.0,0.0,0.0,False
181,14706,3.7,0.55,0.0,1,57,7164,100,0.0,0.0,0.0,0.0,0.0,109.0,126.2,1.0,3.0,1.2,True
182,13542,3.1,0.55,2015.0,56,0,3468,92,2.0,0.0,0.0,0.0,0.0,57.0,89.3,1.0,10.0,1.6,False
183,41376,4.2,0.2631578947368421,11732.0,35,25,20191,100,0.0,0.0,0.0,0.0,0.0,154.0,39.2,0.0,28.0,0.0,True
184,15375,2.0,0.4679802955665024,2539.0,31,28,7572,100,0.0,0.0,0.0,0.0,0.0,92.0,31.5,0.0,9.0,0.0,False
185,77126,6.1,0.6,6066.0,45,3,6510,100,0.0,0.0,0.0,0.0,0.0,187.0,153.3,0.0,2.0,1.2,False
186,13152,2.3,0.5,797.0,8,1,8399,47,0.0,0.0,0.0,0.0,0.0,83.0,37.5,0.0,9.0,0.0,True
187,27872,3.4,0.5,3020.0,16,8,3095,93,0.0,0.0,0.0,0.0,0.0,126.0,74.1,0.0,5.0,0.0,True
188,21113,4.8,0.5498575498575499,3561.0,4,1,3227,78,0.0,0.0,0.0,0.0,0.0,12.0,16.6,0.0,2.0,0.0,True
189,64905,5.6,0.6,6089.0,60,18,3453,95,0.0,0.0,0.0,0.0,0.0,179.0,87.8,1.0,2.0,0.0,False
190,36047,5.6,0.0,8164.0,31,3,3422,80,3.0,0.0,0.0,0.0,0.0,111.0,358.3,0.0,24.0,0.9,False
191,26856,4.9,0.0,10385.0,34,6,3299,81,3.0,0.0,0.0,0.0,0.0,105.0,314.5,0.0,22.0,0.9,False
192,15344,2.6,0.4757281553398058,6383.0,37,10,3302,63,0.0,0.0,0.0,0.0,0.0,100.0,34.1,0.0,27.0,0.0,True
193,6702,1.7,0.4757281553398058,6584.0,47,19,19704,100,0.0,0.0,0.0,0.0,0.0,79.0,50.4,0.0,19.0,0.0,False
194,13234,3.8,0.7160804020100503,2016.0,49,40,4042,100,0.0,0.0,0.0,0.0,0.0,52.0,34.4,0.0,0.0,0.0,False
195,14802,3.5,0.5482954545454546,1574.0,3,1,17162,79,0.0,0.0,0.0,0.0,0.0,6.0,2.6,0.0,2.0,0.0,True
196,14033,2.5,0.5,6330.0,46,38,19616,100,0.0,0.0,0.0,0.0,0.0,114.0,84.1,0.0,2.0,0.0,False
197,54642,9.7,0.8571428571428571,211.0,23,22,12408,100,0.0,1.0,0.0,0.0,0.0,162.0,474.3,1.0,7.0,7.1,False
198,56137,5.0,0.4502164502164502,1588.0,46,16,3013,93,0.0,0.0,0.0,0.0,0.0,93.0,60.0,0.0,1.0,0.0,False
199,3026,1.2,0.4734299516908212,854.0,6,1,3285,75,19.0,0.0,0.0,0.0,0.0,7.0,3.0,0.0,4.0,0.0,False
200,74710,10.5,0.543661971830986,0.0,7208,1,3140,100,0.0,0.0,0.0,0.0,0.0,17.0,19.7,0.0,2.0,0.0,True
201,3172,1.2,0.7857142857142857,169.0,23,16,3351,96,1.0,0.0,0.0,0.0,0.0,12.0,0.6,0.0,0.0,0.0,False
202,2725,1.1,0.7857142857142857,904.0,23,16,3363,96,1.0,0.0,0.0,0.0,0.0,12.0,0.6,0.0,0.0,0.0,False
203,6487,1.7,0.5,6327.0,33,26,3658,100,0.0,0.0,0.0,0.0,0.0,87.0,59.4,0.0,1.0,0.0,False
204,19007,2.9,0.5743589743589743,2230.0,5,2,5773,95,0.0,0.0,1.0,0.0,0.0,54.0,52.8,0.0,33.0,0.0,False
205,67709,14.5,0.65,13.0,538571,538570,11941,100,0.0,0.0,0.0,0.0,0.0,181.0,679.8,0.0,0.0,5.2,False
206,10493,2.3,0.5,1224.0,2,20,5020,100,5.0,0.0,0.0,0.0,0.0,44.0,16.6,0.0,9.0,0.0,False
207,53220,5.3,0.2658227848101265,4803.0,36,64,6072,94,0.0,0.0,0.0,0.0,0.0,235.0,306.4,1.0,0.0,1.4,False
208,21250,4.5,0.0,347.0,2881,27,4429,100,0.0,0.0,0.0,0.0,0.0,56.0,29.7,0.0,7.0,0.0,True
209,22614,3.4,0.2658227848101265,70.0,55,37,4802,100,0.0,0.0,0.0,0.0,0.0,166.0,114.1,1.0,1.0,0.8,False
210,72487,5.3,1.0,1706.0,3,0,5016,33,0.0,0.0,0.0,0.0,0.0,4.0,5.4,0.0,1.0,0.0,True
211,43709,5.7,0.5,355.0,4332,4329,3380,100,0.0,0.0,0.0,0.0,0.0,404.0,168.7,1.0,0.0,0.4,False
212,25670,3.7,0.686084142394822,1139.0,1453,1442,19306,100,2.0,0.0,0.0,0.0,0.0,70.0,40.8,0.0,2.0,0.0,False
213,43862,4.2,0.4473118279569892,7027.0,31,20,13443,100,0.0,0.0,0.0,0.0,0.0,144.0,32.6,0.0,12.0,0.0,True
214,28776,5.2,0.6666666666666666,0.0,574574,574573,4761,100,0.0,1.0,1.0,0.0,0.0,91.0,68.1,0.0,0.0,0.2,False
215,60377,5.4,0.6,6027.0,39,55,7985,100,0.0,0.0,0.0,0.0,0.0,171.0,38.7,1.0,2.0,0.0,False
216,2220,1.1,0.7857142857142857,665.0,10,0,8969,92,1.0000000000000009,0.0,0.0,0.0,0.0,1.0,0.4,0.0,2.0,0.0,True
217,83625,6.6,0.2658227848101265,70.0,73,54,4622,94,0.0,0.0,0.0,0.0,0.0,183.0,132.6,1.0,1.0,0.8,True
218,12864,4.1,0.5421348314606742,511.0,11527,19,16290,79,0.0,0.0,0.0,0.0,0.0,30.0,1.7,0.0,0.0,0.0,True
219,31357,4.1,0.2658227848101265,70.0,31,71,7922,100,0.0,0.0,0.0,0.0,0.0,180.0,121.3,1.0,1.0,0.8,False
220,7676,2.3,0.875,850.0,6,3,3004,38,0.0,0.0,0.0,0.0,0.0,12.0,5.7,0.0,3.0,0.0,False
221,64064,9.2,0.5421348314606742,494.0,11527,59,3752,97,0.0,0.0,0.0,0.0,0.0,84.0,92.2,1.0,0.0,2.5,False
222,61417,5.4,0.4473118279569892,1115.0,51,21,3619,100,0.0,0.0,0.0,0.0,0.0,169.0,53.2,0.0,0.0,0.0,False
223,16895,2.8,0.2307692307692307,546.0,47,0,20879,58,20.0,0.0,0.0,0.0,0.0,40.0,52.7,3.0,32.0,1.6,False
224,70752,6.4,0.7265625,0.0,49,44,7175,100,0.0,0.0,0.0,0.0,0.0,145.0,133.8,0.0,1.0,0.0,True
225,46241,7.3,0.8571428571428571,0.0,57,56,14918,81,0.0,1.0,0.0,0.0,0.0,98.0,261.7,1.0,1.0,5.4,True
226,7560,2.0,0.7402912621359223,1674.0,18,14,4922,20,0.0,0.0,0.0,0.0,0.0,25.0,24.2,0.0,0.0,0.0,True
227,46497,6.1,0.6666666666666666,665.0,29,23,9455,68,2.0,0.0,0.0,0.0,0.0,115.0,308.1,0.0,1.0,3.5,False
228,49382,7.1,0.6666666666666666,434.0,53,46,4063,64,0.0,0.0,0.0,0.0,0.0,107.0,243.7,0.0,1.0,1.7,False
229,99807,7.3,0.2625,69.0,23,64,5602,100,0.0,0.0,0.0,0.0,0.0,202.0,127.2,1.0,1.0,0.8,False
230,7712,2.5,0.0,669.0,47,0,18807,86,30.0,0.0,0.0,0.0,0.0,28.0,35.3,0.0,20.0,0.0,True
231,7712,2.5,0.0,669.0,47,0,3418,64,30.0,0.0,0.0,0.0,0.0,28.0,35.3,0.0,20.0,0.0,True
232,44596,4.3,0.6,150.0,38,78,9733,100,3.0,0.0,1.0,0.0,0.0,37.0,59.9,0.0,0.0,0.0,False
233,18591,3.5,0.686084142394822,95.0,21602,21601,4744,92,4.0,0.0,0.0,0.0,0.0,60.0,275.3,0.0,4.0,0.5,False
234,12213,2.6,0.0,905.0,29,27,7978,93,0.0,0.0,0.0,0.0,0.0,28.0,589.0,0.0,0.0,2.2,False
235,36808,4.1,0.2307692307692307,3995.0,52,6,5351,100,20.0,0.0,0.0,0.0,0.0,70.0,63.0,1.0,19.0,0.0,True
236,14053,2.4,0.4473118279569892,279.0,12,60,3031,90,0.0,0.0,0.0,0.0,0.0,124.0,35.0,0.0,9.0,0.0,False
237,41492,8.6,0.8571428571428571,207.0,59,58,6671,74,0.0,1.0,0.0,0.0,0.0,104.0,360.0,1.0,0.0,4.2,False
238,4819,1.6,0.7857142857142857,653.0,3,2,10281,85,15.0,0.0,0.0,0.0,0.0,20.0,39.0,0.0,12.0,0.0,False
239,36594,8.1,0.8571428571428571,207.0,60,59,10383,85,0.0,1.0,0.0,0.0,0.0,112.0,362.3,1.0,0.0,4.2,True
240,15941,2.1,0.8333333333333334,1713.0,15,0,19967,59,30.0,0.0,0.0,0.0,0.0,7.0,1.1,0.0,18.0,0.0,False
241,11447,3.3,0.6838709677419355,723.0,42,0,3053,64,20.0,0.0,0.0,0.0,0.0,27.0,14.6,0.0,22.0,0.0,True
242,40589,4.7,0.0,3724.0,22,11,3196,65,15.0,0.0,1.0,0.0,0.0,39.0,55.6,0.0,3.0,0.0,True
243,32745,4.4,0.6,2336.0,13,0,19588,61,0.0,0.0,0.0,0.0,0.0,30.0,35.9,0.0,27.0,0.0,False
244,14038,2.8,0.5247524752475248,361.0,3,0,51277,90,24.0,0.0,0.0,0.0,0.0,39.0,76.1,0.0,34.0,2.3,True
245,31260,4.3,0.6,4436.0,17,4,3794,100,0.0,0.0,0.0,0.0,0.0,84.0,52.4,0.0,14.0,0.0,True
246,18833,3.2,0.5247524752475248,1611.0,7,3,10664,84,24.0,0.0,0.0,0.0,0.0,61.0,92.5,0.0,32.0,2.3,False
247,6891,1.6,0.2105263157894736,0.0,51858,51858,5527,83,0.0,0.0,0.0,0.0,0.0,24.0,16.9,0.0,1.0,0.0,True
248,52002,9.3,0.0,753.0,11,1,3131,100,0.0,0.0,0.0,0.0,0.0,61.0,85.8,0.0,3.0,2.3,False
249,34650,4.4,0.5247524752475248,2751.0,13,10,6722,92,1.0,0.0,0.0,0.0,0.0,71.0,63.8,0.0,28.0,0.0,True
250,8020,2.1,0.6666666666666666,858.0,24,18,10568,84,5.0,0.0,0.0,0.0,0.0,45.0,204.0,0.0,1.0,9.1,True
251,4275,1.5,0.9230769230769232,291.0,13,0,7296,74,15.0,0.0,1.0,0.0,0.0,14.0,14.4,0.0,10.0,0.0,True
252,24698,5.8,0.5406162464985994,30.0,11529,49,11407,91,0.0,0.0,0.0,0.0,0.0,65.0,15.9,0.0,0.0,0.0,True
253,62843,6.1,0.6,14016.0,37,24,68848,100,0.0,0.0,0.0,0.0,0.0,208.0,40.4,0.0,4.0,0.0,True
254,11286,2.2,0.4463519313304721,773.0,35,32,8370,88,0.0,0.0,0.0,0.0,0.0,24.0,12.5,0.0,5.0,0.0,False
255,28393,5.8,0.8571428571428571,0.0,26,25,3667,90,0.0,1.0,0.0,0.0,0.0,102.0,247.3,1.0,1.0,5.9,True
256,52546,5.4,0.5247524752475248,2751.0,22,19,3716,97,1.0,0.0,0.0,0.0,0.0,97.0,85.3,0.0,25.0,0.0,True
257,43710,8.6,0.0,724.0,55,45,4481,100,0.0,0.0,0.0,0.0,0.0,122.0,43.2,0.0,0.0,0.0,False
258,2991,1.3,0.7857142857142857,705.0,13,0,19423,59,25.0,0.0,0.0,0.0,0.0,10.0,12.4,2.0,9.0,0.0,False
259,6863,1.8,0.7153846153846154,3510.0,15,1,19334,60,0.0,0.0,0.0,0.0,0.0,25.0,72.4,0.0,8.0,1.9,False
260,26116,3.6,0.7153846153846154,3512.0,17,3,10898,93,0.0,0.0,0.0,0.0,0.0,68.0,112.9,0.0,6.0,0.0,False
261,7324,1.9,0.684931506849315,613.0,14,1,19213,59,30.0,0.0,0.0,0.0,0.0,44.0,62.0,0.0,27.0,0.6,False
262,13598,2.3,0.3061889250814332,768.0,8,1,6298,100,0.0,0.0,0.0,0.0,0.0,25.0,34.5,0.0,12.0,0.0,False
263,13124,2.7,0.9230769230769232,291.0,17,3,3083,50,15.0,0.0,1.0,0.0,0.0,51.0,135.3,0.0,10.0,1.2,True
264,58738,5.5,0.7153846153846154,3510.0,19,5,3150,67,0.0,0.0,0.0,0.0,0.0,80.0,331.6,0.0,3.0,2.7,True
265,58638,7.5,0.1,188.0,40,36,4392,59,0.0,0.0,0.0,0.0,0.0,97.0,359.3,0.0,6.0,7.8,False
266,49355,5.6,0.6,13112.0,35,22,3212,100,0.0,0.0,0.0,0.0,0.0,277.0,38.9,1.0,2.0,0.0,False
267,22838,3.0,0.3061889250814332,1728.0,12,5,10704,93,0.0,0.0,0.0,0.0,0.0,52.0,47.2,0.0,10.0,0.0,False
268,33828,4.6,0.6,13113.0,42,29,26619,100,0.0,0.0,0.0,0.0,0.0,252.0,53.7,1.0,2.0,0.0,True
269,46741,6.1,0.0,630.0,39,51,4199,100,4.0,0.0,0.0,0.0,0.0,108.0,95.0,0.0,8.0,0.0,False
270,39213,4.6,0.2625,4759.0,43,12,7730,100,0.0,0.0,0.0,0.0,0.0,203.0,292.9,1.0,0.0,1.4,False
271,40204,4.1,0.3061889250814332,5551.0,19,12,12729,91,0.0,0.0,0.0,0.0,0.0,96.0,58.2,0.0,7.0,0.0,False
272,6529,1.8,0.5418994413407822,1634.0,3,0,15753,85,0.0,0.0,0.0,0.0,0.0,3.0,11.9,0.0,1.0,0.0,False
273,29846,3.8,0.684931506849315,3063.0,24,10,4522,98,0.0,0.0,0.0,0.0,0.0,105.0,130.4,0.0,26.0,0.6,True
274,5034,1.5,0.5418994413407822,1632.0,3,1,6748,74,0.0,0.0,0.0,0.0,0.0,10.0,76.8,0.0,1.0,3.3,True
275,38479,3.3,0.8333333333333334,13734.0,54,39,6084,100,2.0,0.0,0.0,0.0,0.0,86.0,120.8,0.0,9.0,1.3,True
276,3446,1.6,0.6666666666666666,2549.0,2,0,6625,100,5.0,0.0,0.0,0.0,0.0,8.0,8.6,0.0,6.0,0.0,False
277,60171,5.0,0.3061889250814332,9436.0,32,25,5339,100,0.0,0.0,0.0,0.0,0.0,173.0,72.9,0.0,4.0,0.0,True
278,5097,1.9,0.6666666666666666,2548.0,5,3,13640,95,5.0,0.0,0.0,0.0,0.0,28.0,36.9,0.0,6.0,0.0,False
279,83225,7.0,0.5247524752475248,1654.0,40,37,5721,89,1.0,0.0,0.0,0.0,0.0,222.0,60.1,0.0,17.0,0.0,False
280,6361,1.9,0.2727272727272727,205.0,9,0,5010,88,30.0,0.0,0.0,0.0,0.0,56.0,35.5,23.0,35.0,0.0,False
281,27011,3.6,0.4418604651162791,7228.0,44,22,5471,95,0.0,0.0,0.0,0.0,0.0,170.0,225.9,11.0,9.0,2.4,False
282,12983,2.4,0.5736040609137056,4138.0,17,14,3417,100,0.0,0.0,1.0,0.0,0.0,49.0,45.3,0.0,11.0,0.0,True
283,6285,1.7,0.6,5876.0,23,19,3699,100,0.0,0.0,0.0,0.0,0.0,42.0,42.3,0.0,4.0,0.0,False
284,34450,4.0,0.4418604651162791,7229.0,46,24,4170,96,0.0,0.0,0.0,0.0,0.0,171.0,222.3,11.0,9.0,2.4,True
285,57318,5.4,0.5714285714285714,997.0,8,49,3836,100,1.0,0.0,0.0,0.0,1.0,107.0,21.5,0.0,4.0,0.0,False
286,10061,2.2,0.4409282700421941,7229.0,56,33,5365,95,0.0,0.0,0.0,0.0,0.0,137.0,283.2,2.0,0.0,1.8,False
287,14375,2.7,0.6,673.0,30,22,19807,60,25.0,0.0,1.0,0.0,0.0,71.0,54.9,0.0,24.0,0.0,True
288,11573,2.2,0.4666666666666667,3422.0,40,22,17491,93,0.0,0.0,0.0,0.0,0.0,39.0,18.7,0.0,3.0,0.0,False
289,30214,3.5,0.4666666666666667,3421.0,44,27,3591,100,0.0,0.0,0.0,0.0,0.0,67.0,34.5,0.0,3.0,0.0,False
290,12178,2.5,0.5636363636363636,4183.0,16,9,12292,80,0.0,0.0,0.0,0.0,0.0,44.0,71.3,0.0,16.0,0.0,False
291,45349,4.8,0.0,2051.0,35,22,4145,82,1.0,0.0,0.0,0.0,0.0,146.0,66.3,0.0,16.0,0.0,False
292,47434,4.4,0.4666666666666667,3421.0,45,27,7924,75,0.0,0.0,0.0,0.0,0.0,73.0,37.4,0.0,3.0,0.0,False
293,19554,3.2,0.6493506493506493,637.0,8,54,8986,100,1.0,0.0,0.0,0.0,0.0,98.0,95.1,0.0,5.0,0.9,False
294,61738,5.1,0.4666666666666667,3421.0,53,36,5513,100,0.0,0.0,0.0,0.0,0.0,126.0,124.3,1.0,3.0,0.6,True
295,85366,4.7,0.6,655.0,49,42,5415,100,2.0,0.0,1.0,0.0,0.0,136.0,57.6,0.0,16.0,0.0,True
296,22955,3.1,0.4666666666666667,3422.0,6,48,3403,100,0.0,0.0,0.0,0.0,0.0,124.0,128.0,1.0,2.0,0.6,False
297,29499,3.9,0.5,2674.0,41,36,3664,79,2.0,0.0,0.0,0.0,0.0,56.0,48.6,0.0,1.0,0.0,True
298,34768,4.2,0.5636363636363636,4183.0,22,15,11975,96,0.0,0.0,0.0,0.0,0.0,67.0,74.8,0.0,15.0,0.0,True
299,17043,2.7,0.4666666666666667,3423.0,17,59,4180,100,0.0,0.0,0.0,0.0,0.0,102.0,123.4,1.0,2.0,0.7,True
300,28293,3.4,0.25,5091.0,30,14,3562,96,0.0,0.0,0.0,0.0,0.0,121.0,33.9,0.0,54.0,0.0,False
301,18299,3.0,0.5,2962.0,19,14,12475,92,2.0,0.0,0.0,0.0,0.0,63.0,47.2,0.0,1.0,0.0,False
302,9331,2.1,0.7857142857142857,1208.0,5,1,5809,100,25.0,0.0,0.0,0.0,0.0,30.0,95.4,0.0,5.0,0.0,True
303,85492,6.6,0.5,134.0,37,30,7676,99,0.0,0.0,0.0,0.0,0.0,156.0,36.7,1.0,0.0,0.0,True
304,31112,2.7,0.0,212.0,20,12,6154,100,5.0,0.0,1.0,0.0,0.0,35.0,62.2,0.0,1.0,0.0,False
305,39542,4.2,0.454356846473029,6092.0,35,23,19077,100,0.0,0.0,0.0,0.0,0.0,99.0,39.2,0.0,9.0,0.0,False
306,25884,3.4,0.454356846473029,6092.0,41,29,4876,96,0.0,0.0,0.0,0.0,0.0,105.0,32.1,0.0,7.0,0.0,True
307,59265,4.1,0.6,643.0,53,45,4619,100,2.0,0.0,1.0,0.0,0.0,192.0,88.7,1.0,12.0,0.0,False
308,1785,0.8,0.5,78.0,42,2,11809,51,14.0,0.0,0.0,0.0,0.0,11.0,4.7,0.0,5.0,0.0,True
309,66890,8.1,0.2833333333333333,10114.0,42,32,9171,100,0.0,0.0,0.0,0.0,0.0,372.0,399.7,1.0,1.0,3.0,False
310,52256,3.8,0.4691943127962085,2169.0,69,66,7359,75,0.0,0.0,0.0,0.0,0.0,129.0,22.5,0.0,2.0,0.0,False
311,25172,3.3,0.2823529411764706,3921.0,16,3,4368,96,0.0,0.0,0.0,0.0,0.0,78.0,26.2,0.0,36.0,0.0,True
312,25192,3.6,0.0,281.0,57,36,12015,92,1.0,0.0,0.0,0.0,0.0,71.0,166.2,0.0,3.0,2.8,False
313,22103,2.5,0.6,642.0,25,17,4142,100,2.0,0.0,1.0,0.0,0.0,171.0,75.2,1.0,5.0,0.0,True
314,35270,4.3,0.25,604.0,9,3,16418,81,23.0,0.0,0.0,0.0,0.0,58.0,154.1,0.0,20.0,1.7,False
315,65356,5.5,0.454356846473029,5632.0,58,46,10479,97,0.0,0.0,0.0,0.0,0.0,134.0,159.0,1.0,4.0,0.7,True
316,4199,1.4,0.8,2470.0,21,17,4200,96,0.0,0.0,0.0,0.0,0.0,20.0,17.5,0.0,0.0,0.0,False
317,64977,6.2,0.6,0.0,15858,15858,13306,92,5.0,0.0,0.0,0.0,0.0,105.0,335.9,0.0,0.0,1.3,True
318,11819,2.5,0.25,3763.0,12,6,19539,61,11.0,0.0,0.0,0.0,0.0,62.0,164.8,0.0,20.0,1.7,False
319,24976,3.6,0.0,281.0,7,44,3788,83,1.0,0.0,0.0,0.0,0.0,77.0,177.7,0.0,3.0,2.8,True
320,13990,2.6,0.0,748.0,35,23,3599,100,20.0,0.0,0.0,0.0,1.0,83.0,39.2,0.0,5.0,0.0,True
321,16575,2.9,0.4545454545454545,1109.0,72,42,7092,100,0.0,0.0,0.0,0.0,0.0,122.0,20.6,0.0,1.0,0.0,False
322,51631,5.1,0.0,747.0,48,35,3291,100,10.0,0.0,0.0,0.0,1.0,103.0,106.5,0.0,5.0,1.8,False
323,52120,5.5,0.5,850.0,31,18,3583,100,1.0,0.0,0.0,0.0,0.0,83.0,84.6,0.0,2.0,2.5,False
324,53274,9.3,0.6,10848.0,33,24,3379,100,1.0,0.0,0.0,0.0,0.0,146.0,79.0,0.0,13.0,1.0,False
325,10887,2.3,0.5879396984924623,5549.0,4341,4341,4243,100,0.0,0.0,0.0,0.0,0.0,125.0,135.3,1.0,1.0,1.0,False
326,34075,7.4,0.6,11952.0,45,36,3064,92,1.0,0.0,0.0,0.0,0.0,147.0,74.6,0.0,11.0,1.0,False
327,61749,5.5,0.8,2471.0,12,8,4947,100,0.0,0.0,0.0,0.0,0.0,57.0,266.1,0.0,0.0,5.0,False
328,4761,1.5,0.9305555555555556,117.0,23,3,19186,57,20.0,0.0,0.0,0.0,0.0,53.0,40.2,0.0,1.0,0.0,False
329,22406,3.4,0.5,105.0,55,36,18296,92,1.0,0.0,0.0,0.0,1.0,88.0,25.0,0.0,4.0,0.0,True
330,14936,2.7,0.559228650137741,883.0,13,10,3334,96,0.0,0.0,0.0,0.0,0.0,64.0,24.0,0.0,0.0,0.0,True
331,6747,1.8,0.5194174757281553,684.0,5,2,3946,60,24.0,0.0,0.0,0.0,0.0,26.0,13.6,0.0,18.0,0.0,False
332,24537,3.3,0.6,3991.0,25,15,5237,100,0.0,0.0,0.0,0.0,0.0,88.0,262.8,0.0,6.0,2.9,True
333,8923,2.4,0.6,13156.0,12,58,3028,70,0.0,0.0,0.0,0.0,0.0,166.0,264.3,1.0,1.0,1.0,False
334,9452,3.2,1.0,832.0,10,0,3559,76,20.0,0.0,0.0,0.0,0.0,15.0,9.4,0.0,14.0,0.0,False
335,23705,3.7,0.5,521.0,44,31,4540,93,0.5,0.0,0.0,0.0,0.0,108.0,146.0,0.0,2.0,3.4,False
336,33671,3.9,0.6,5209.0,42,32,3092,85,0.0,0.0,0.0,0.0,0.0,122.0,271.1,0.0,4.0,2.3,False
337,73636,1.3,0.7428571428571429,28731.0,57612,48979,3969,100,0.0,0.0,0.0,0.0,0.0,149.0,854.5,0.0,0.0,5.7,True
338,13812,2.0,0.6,161.0,26,19,3951,100,2.0,0.0,1.0,0.0,0.0,160.0,70.1,1.0,4.0,0.0,False
339,23304,3.4,0.4508196721311475,1110.0,59,29,7147,100,0.0,0.0,0.0,0.0,0.0,124.0,20.7,0.0,0.0,0.0,False
340,19426,5.6,0.6,13756.0,27,18,6217,81,1.0,0.0,0.0,0.0,0.0,117.0,33.2,0.0,7.0,0.0,False
341,43198,4.7,0.5,129.0,6,46,18125,92,1.0,0.0,0.0,0.0,1.0,122.0,119.5,0.0,4.0,2.9,True
342,61901,5.6,0.4508196721311475,4536.0,15,3,7920,100,0.0,0.0,0.0,0.0,0.0,191.0,284.8,1.0,2.0,3.2,False
343,56627,7.5,0.6296296296296297,795.0,45,50,3070,87,1.3,0.0,0.0,0.0,0.0,58.0,21.3,0.0,0.0,0.0,True
344,95628,7.2,0.2790697674418604,4783.0,41,69,5266,100,0.0,0.0,0.0,0.0,0.0,198.0,290.5,1.0,0.0,1.4,False
345,13903,2.4,0.2758620689655172,3507.0,20,6,4820,100,0.0,0.0,0.0,0.0,0.0,73.0,21.1,0.0,26.0,0.0,False
346,2947,0.8,0.8571428571428571,238.0,44,38,3089,88,0.0,1.0,0.0,0.0,0.0,9.0,3.0,0.0,0.0,0.0,True
347,36993,4.1,0.6,4199.0,5,55,3864,86,0.0,0.0,0.0,0.0,0.0,150.0,276.5,0.0,4.0,4.1,False
348,6414,1.7,0.2758620689655172,74.0,52,38,4150,100,0.0,0.0,0.0,0.0,0.0,81.0,34.9,0.0,4.0,0.0,False
349,19741,2.9,0.4647887323943662,337.0,17,0,5862,74,0.0,0.0,0.0,0.0,0.0,42.0,28.8,0.0,41.0,0.0,True
350,11438,2.2,0.4647887323943662,1217.0,18,0,4218,50,0.0,0.0,0.0,0.0,0.0,46.0,41.2,0.0,36.0,0.0,False
351,42475,4.2,0.5589041095890411,1705.0,21,19,3321,100,0.0,0.0,0.0,0.0,0.0,17.0,17.5,0.0,2.0,0.0,False
352,24374,3.6,1.0,3300.0,57,44,3346,83,1.0,0.0,0.0,0.0,0.0,129.0,37.6,0.0,0.0,0.0,True
353,14582,2.7,0.559228650137741,790.0,64,62,8092,100,0.0,0.0,0.0,0.0,0.0,73.0,28.9,0.0,0.0,0.0,False
354,15735,2.7,0.6,3872.0,32,22,4792,100,0.0,0.0,0.0,0.0,0.0,130.0,190.4,0.0,1.0,1.4,False
355,69275,5.9,0.4508196721311475,4542.0,56,44,7918,100,0.0,0.0,0.0,0.0,0.0,195.0,271.4,1.0,1.0,3.2,False
356,19144,2.9,0.4647887323943662,5881.0,29,12,3974,93,0.0,0.0,0.0,0.0,0.0,121.0,50.0,0.0,14.0,0.0,True
357,48768,5.0,0.4498977505112474,4550.0,54,42,3720,100,0.0,0.0,0.0,0.0,0.0,195.0,259.6,1.0,1.0,3.2,False
358,12538,2.3,0.2727272727272727,2909.0,23,9,4190,55,0.0,0.0,0.0,0.0,0.0,60.0,46.8,0.0,14.0,0.0,False
359,6486,1.9,0.0,101.0,43,19,3223,50,1.0,0.0,0.0,0.0,0.0,15.0,1.9,1.0,0.0,0.0,True
360,50862,6.5,0.6,6275.0,12,11,3378,85,0.0,0.0,0.0,0.0,0.0,88.0,96.9,0.0,12.0,1.2,False
361,30567,4.1,0.5,0.0,53,25,13586,94,1.0,0.0,0.0,0.0,0.0,48.0,10.7,39.0,23.0,0.0,False
362,9083,2.0,0.2696629213483146,3995.0,48,33,6635,98,0.0,0.0,0.0,0.0,0.0,63.0,45.2,0.0,9.0,0.0,True
363,7331,1.9,0.0,1262.0,32,19,3747,100,2.0,0.0,0.0,0.0,1.0,59.0,66.0,0.0,0.0,0.6,True
364,17042,2.8,0.6,3872.0,34,24,4079,100,0.0,0.0,0.0,0.0,0.0,130.0,192.5,0.0,1.0,1.4,True
365,43441,6.0,0.6,11275.0,19,17,31406,99,0.0,0.0,0.0,0.0,0.0,124.0,45.2,0.0,13.0,0.0,False
366,9125,1.9,0.2696629213483146,4923.0,5,29,6579,98,0.0,0.0,0.0,0.0,0.0,79.0,17.0,0.0,2.0,0.0,False
367,3199,1.3,0.8,388.0,21,1,12400,80,2.0,0.0,0.0,0.0,0.0,6.0,164.5,0.0,1.0,3.2,True
368,19804,2.9,0.6,656.0,26,0,5351,74,0.0,0.0,0.0,0.0,0.0,35.0,15.7,0.0,33.0,0.0,False
369,18126,3.0,0.0,1268.0,62,50,3002,100,2.0,0.0,0.0,0.0,1.0,66.0,67.4,0.0,0.0,0.6,True
370,6422,2.0,0.4480651731160896,713.0,13,0,4826,74,2.0,0.0,0.0,0.0,0.0,24.0,26.4,0.0,9.0,0.0,True
371,8851,2.1,0.8,472.0,22,2,4823,83,2.0,0.0,0.0,0.0,0.0,21.0,189.0,0.0,1.0,3.2,False
372,25492,3.9,0.5219512195121951,1658.0,53,50,3729,100,1.0,0.0,0.0,0.0,0.0,161.0,32.3,0.0,17.0,0.0,True
