mcap,liquidity,buy,sell,scams,worth,contract_age,pair_age,funding_time,airdrops,amount,wallet,ape_score,safu_score,buy_tax,sell_tax,owner_quant,owner_type_INDIVIDUAL,owner_type_RENOUNCED,owner_type_UNKNOWN,source_01121994.eth,source_Binance,source_Bitget,source_Bybit,source_Coinbase,source_FixedFloat,source_Gate.io,source_INDIVIDUAL,source_Kraken,source_Kucoin,source_Mexc,source_SideShift,source_cemedeul.eth,source_tsunamitreasury.eth,holds_qty,holds_amt,spoofed_qty,spoofed_pct,snipers_qty,snipers_pct,fresh_qty,fresh_pct,whales_qty,whales_pct,safu_score_qty,printed
57285,17.5,0.0,19.0,0.6,775.0,1450,1,17280,1.0,189.0,3508,33,69,4,3.6,17,1.0,0.0,0.0,0.0,0.0,0.0,0.0,0.0,0.0,0.0,1.0,0.0,0.0,0.0,0.0,0.0,0.0,21.0,516.3,1.0,3.8,2.0,4.7,2.0,5.8,6.0,17.8,16,False
25856,3.2,74.0,18.0,0.4461538461538462,2502.0,10,0,14,1.0,154.0,4241,51,94,0,4.4,7,1.0,0.0,0.0,0.0,1.0,0.0,0.0,0.0,0.0,0.0,0.0,0.0,0.0,0.0,0.0,0.0,0.0,70.0,37.9,6.0,11.9,46.0,43.6,1.0,0.2,0.0,0.0,36,False
34950,3.7,164.0,78.0,0.4461538461538462,7384.0,17,7,21,1.0,0.0,3447,30,100,0,5,10,0.0,1.0,0.0,0.0,1.0,0.0,0.0,0.0,0.0,0.0,0.0,0.0,0.0,0.0,0.0,0.0,0.0,118.0,83.6,3.0,5.9,31.0,27.8,0.0,0.0,1.0,1.8,14,False
17077,1.6,11.0,0.0,0.18181818181818182,260.0,29,0,22,0.0,188.0,4318,10,100,0,9.8,3,1.0,0.0,0.0,0.0,1.0,0.0,0.0,0.0,0.0,0.0,0.0,0.0,0.0,0.0,0.0,0.0,0.0,2.0,0.1,0.0,0.0,6.0,4.9,0.0,0.0,0.0,0.0,3,False
15059,2.7,64.0,38.0,0.9130434782608695,0.0,31,42,4,2.0,113.0,5886,18,93,0,0,12,0.0,0.0,1.0,0.0,1.0,0.0,0.0,0.0,0.0,0.0,0.0,0.0,0.0,0.0,0.0,0.0,0.0,31.0,8.9,0.0,0.0,1.0,2.2,4.0,17.8,1.0,0.0,28,False
13657,6.0,4.0,0.0,1.0,9844.0,5,0,1440,0.0,94.0,3286,15,94,0,89.8,16,1.0,0.0,0.0,0.0,0.0,0.0,0.0,0.0,0.0,0.0,1.0,0.0,0.0,0.0,0.0,0.0,0.0,3.0,0.0,0.0,0.0,0.0,0.0,0.0,0.0,0.0,0.0,34,True
11179,1.3,86.0,52.0,0.18181818181818182,228.0,41,11,22,1.0,158.0,3929,1,100,0,9.2,9,0.0,1.0,0.0,0.0,1.0,0.0,0.0,0.0,0.0,0.0,0.0,0.0,0.0,0.0,0.0,0.0,0.0,74.0,26.6,0.0,0.0,1.0,0.1,3.0,1.3,0.0,0.0,4,False
3298,1.3,11.0,0.0,0.3,1067.0,50,1,51,0.0,56.0,8402,20,100,5,16.8,3,1.0,0.0,0.0,0.0,0.0,0.0,0.0,1.0,0.0,0.0,0.0,0.0,0.0,0.0,0.0,0.0,0.0,13.0,6.7,0.0,0.0,5.0,8.1,0.0,0.0,0.0,0.0,7,True
5655,0.9,91.0,70.0,0.18181818181818182,226.0,44,15,22,2.0,188.0,3574,1,100,0,6.9,10,0.0,1.0,0.0,0.0,1.0,0.0,0.0,0.0,0.0,0.0,0.0,0.0,0.0,0.0,0.0,0.0,0.0,69.0,27.3,0.0,0.0,1.0,0.1,3.0,1.3,0.0,0.0,4,False
14289,2.7,46.0,8.0,0.3,956.0,55,6,56,0.0,188.0,3203,22,96,5,18.9,5,1.0,0.0,0.0,0.0,0.0,0.0,0.0,1.0,0.0,0.0,0.0,0.0,0.0,0.0,0.0,0.0,0.0,45.0,25.2,0.0,0.0,4.0,6.3,0.0,0.0,0.0,0.0,28,True
29902,3.9,69.0,15.0,0.3,1202.0,58,9,59,0.0,94.0,9622,7,81,5,16.3,5,1.0,0.0,0.0,0.0,0.0,0.0,0.0,1.0,0.0,0.0,0.0,0.0,0.0,0.0,0.0,0.0,0.0,63.0,36.9,0.0,0.0,4.0,6.3,0.0,0.0,0.0,0.0,21,False
41628,4.1,174.0,82.0,0.4461538461538462,7152.0,20,10,24,1.0,226.0,3036,32,94,0,4.8,11,0.0,1.0,0.0,0.0,1.0,0.0,0.0,0.0,0.0,0.0,0.0,0.0,0.0,0.0,0.0,0.0,0.0,124.0,80.1,3.0,5.9,30.0,26.4,0.0,0.0,1.0,1.8,82,False
175429,19.7,,68.0,0.6821192052980133,24316.0,23,3,2880,1.0,942.0,8021,35,75,2,10,22,1.0,0.0,0.0,0.0,0.0,0.0,0.0,0.0,0.0,0.0,1.0,0.0,0.0,0.0,0.0,0.0,0.0,212.0,264.0,1.0,0.3,52.0,9.1,16.0,9.9,4.0,3.6,4,False
3685,1.3,10.0,2.0,0.8,1407.0,20,8,1,0.0,94.0,3030,23,97,0,6.2,10,0.0,1.0,0.0,0.0,1.0,0.0,0.0,0.0,0.0,0.0,0.0,0.0,0.0,0.0,0.0,0.0,0.0,10.0,1.6,0.0,0.0,4.0,8.7,0.0,0.0,0.0,0.0,30,False
3732,1.4,25.0,4.0,1.0,664.0,17,10,3,0.0,66.0,6812,14,100,0,0,10,0.0,1.0,0.0,0.0,1.0,0.0,0.0,0.0,0.0,0.0,0.0,0.0,0.0,0.0,0.0,0.0,0.0,13.0,2.1,0.0,0.0,0.0,0.0,2.0,8.2,0.0,0.0,4,True
172201,10.0,,57.0,0.7857142857142857,11334.0,18726,18726,18720,1.0,282.0,3034,17,100,4,5.2,39,0.0,1.0,0.0,0.0,1.0,0.0,0.0,0.0,0.0,0.0,0.0,0.0,0.0,0.0,0.0,0.0,0.0,221.0,46.7,0.0,0.0,0.0,0.0,3.0,0.0,0.0,0.0,6,False
125822,16.8,,278.0,0.6798679867986799,29996.0,15,54,2880,1.0,943.0,20131,19,90,2,3.7,25,0.0,1.0,0.0,0.0,0.0,0.0,0.0,0.0,0.0,0.0,1.0,0.0,0.0,0.0,0.0,0.0,0.0,259.0,464.5,1.0,0.3,25.0,3.6,4.0,1.3,6.0,5.4,195,False
8417,3.0,28.0,2.0,0.6923076923076923,943.0,11,7,2,0.0,103.0,3624,63,75,5,4.9,10,0.0,1.0,0.0,0.0,1.0,0.0,0.0,0.0,0.0,0.0,0.0,0.0,0.0,0.0,0.0,0.0,0.0,26.0,7.4,0.0,0.0,10.0,15.8,6.0,10.0,0.0,0.0,12,False
51284,4.6,488.0,332.0,0.4461538461538462,9909.0,34,24,1,1.0,188.0,7798,21,80,0,0,14,0.0,1.0,0.0,0.0,1.0,0.0,0.0,0.0,0.0,0.0,0.0,0.0,0.0,0.0,0.0,0.0,0.0,187.0,70.4,1.0,0.4,14.0,10.0,6.0,1.8,1.0,1.8,44,True
14927,3.8,192.0,174.0,0.3333333333333333,12331.0,50,23,3,15.0,299.0,7013,21,91,5,9.1,35,0.0,1.0,0.0,0.0,1.0,0.0,0.0,0.0,0.0,0.0,0.0,0.0,0.0,0.0,0.0,0.0,0.0,88.0,47.7,1.0,0.1,4.0,2.7,2.0,0.6,0.0,0.0,105,False
16258,4.0,75.0,0.0,0.0,3710.0,32,9,1440,0.0,162.0,3775,27,83,10,24.7,8,0.0,0.0,1.0,0.0,1.0,0.0,0.0,0.0,0.0,0.0,0.0,0.0,0.0,0.0,0.0,0.0,0.0,45.0,21.3,0.0,0.0,2.0,2.0,11.0,10.3,0.0,0.0,29,False
27762,3.4,541.0,387.0,0.4461538461538462,9911.0,48,38,1,1.0,377.0,20217,19,90,0,0,14,0.0,1.0,0.0,0.0,1.0,0.0,0.0,0.0,0.0,0.0,0.0,0.0,0.0,0.0,0.0,0.0,0.0,174.0,68.9,1.0,0.4,9.0,5.1,7.0,1.9,1.0,1.8,195,True
132632,11.8,,161.0,0.21428571428571427,6244.0,24,20,3,1.0,94.0,399303,11,100,5,6.2,12,0.0,1.0,0.0,0.0,0.0,0.0,1.0,0.0,0.0,0.0,0.0,0.0,0.0,0.0,0.0,0.0,0.0,176.0,100.1,0.0,0.0,9.0,11.2,5.0,7.7,1.0,0.8,30,False
19446,4.3,33.0,0.0,0.8823529411764706,367.0,3,1,7,0.0,94.0,3385,12,84,0,9.2,5,1.0,0.0,0.0,0.0,1.0,0.0,0.0,0.0,0.0,0.0,0.0,0.0,0.0,0.0,0.0,0.0,0.0,29.0,280.0,0.0,0.0,20.0,0.4,16.0,0.0,3.0,5.3,38,False
21349,3.0,588.0,447.0,0.4461538461538462,9916.0,13,4,2,1.0,94.0,7839,21,79,0,0,14,0.0,1.0,0.0,0.0,1.0,0.0,0.0,0.0,0.0,0.0,0.0,0.0,0.0,0.0,0.0,0.0,0.0,138.0,148.5,1.0,0.5,7.0,5.0,5.0,1.8,2.0,2.3,43,False
856,0.3,34.0,1.0,0.0,1232.0,27,22,2880,0.0,301.0,3499,26,85,0,0,6,1.0,0.0,0.0,0.0,0.0,0.0,0.0,0.0,0.0,0.0,1.0,0.0,0.0,0.0,0.0,0.0,0.0,46.0,74.3,0.0,0.0,1.0,0.5,11.0,5.5,0.0,0.0,40,True
1188,0.4,34.0,1.0,0.0,1232.0,27,22,2880,0.0,67.0,5595,33,87,0,0,6,1.0,0.0,0.0,0.0,0.0,0.0,0.0,0.0,0.0,0.0,1.0,0.0,0.0,0.0,0.0,0.0,0.0,46.0,74.2,0.0,0.0,1.0,0.5,11.0,5.5,0.0,0.0,31,True
16979,1.5,404.0,5.0,0.0,1232.0,29,23,2880,0.0,56.0,6430,37,75,0,0,6,1.0,0.0,0.0,0.0,0.0,0.0,0.0,0.0,0.0,0.0,1.0,0.0,0.0,0.0,0.0,0.0,0.0,180.0,134.3,0.0,0.0,1.0,0.5,12.0,5.9,1.0,0.5,392,False
286471,8.8,,27.0,0.6666666666666666,13917.0,9,8,1,4.0,566.0,7824,21,79,0,0,19,0.0,1.0,0.0,0.0,1.0,0.0,0.0,0.0,0.0,0.0,0.0,0.0,0.0,0.0,0.0,0.0,0.0,99.0,76.0,0.0,0.0,4.0,1.0,3.0,18.7,0.0,0.0,43,False
48199,8.5,306.0,261.0,0.55,9033.0,26,14,1440,2.0,507.0,23327,17,100,0,0,16,0.0,1.0,0.0,0.0,0.0,0.0,0.0,0.0,0.0,0.0,1.0,0.0,0.0,0.0,0.0,0.0,0.0,114.0,405.1,0.0,0.0,4.0,3.0,3.0,11.1,3.0,4.6,4,False
99101,8.6,274.0,112.0,0.7157360406091371,652.0,12,7,1,0.0,188.0,91514,18,100,0,0,10,1.0,0.0,0.0,0.0,0.0,0.0,0.0,0.0,1.0,0.0,0.0,0.0,0.0,0.0,0.0,0.0,0.0,125.0,207.3,0.0,0.0,19.0,18.7,4.0,3.6,2.0,2.3,5,False
89960,8.2,306.0,135.0,0.7157360406091371,652.0,21,15,1,0.0,94.0,3287,8,94,0,0,10,1.0,0.0,0.0,0.0,0.0,0.0,0.0,0.0,1.0,0.0,0.0,0.0,0.0,0.0,0.0,0.0,0.0,134.0,207.9,0.0,0.0,19.0,18.4,4.0,3.6,2.0,2.3,33,False
149378,6.4,,66.0,0.6666666666666666,13910.0,17,17,1,4.0,309.0,5245,24,100,0,0,19,0.0,1.0,0.0,0.0,1.0,0.0,0.0,0.0,0.0,0.0,0.0,0.0,0.0,0.0,0.0,0.0,0.0,84.0,73.2,0.0,0.0,3.0,0.9,2.0,18.3,0.0,0.0,14,False
36702,6.0,220.0,179.0,0.3333333333333333,12788.0,56,30,3,15.0,188.0,3858,17,98,5,7.7,35,0.0,1.0,0.0,0.0,1.0,0.0,0.0,0.0,0.0,0.0,0.0,0.0,0.0,0.0,0.0,0.0,0.0,104.0,50.4,1.0,0.1,4.0,2.7,2.0,0.6,0.0,0.0,87,True
467692,11.8,,171.0,0.7857142857142857,0.0,7202,7201,7200,3.0,1130.0,11380,22,92,3,3,18,0.0,1.0,0.0,0.0,0.0,0.0,0.0,0.0,0.0,0.0,0.0,0.0,1.0,0.0,0.0,0.0,0.0,123.0,95.9,0.0,0.0,1.0,0.4,6.0,31.4,0.0,0.0,38,False
1554,0.6,23.0,0.0,0.0,856.0,26,23,1,0.0,54.0,4553,22,63,0,0,6,1.0,0.0,0.0,0.0,0.0,0.0,0.0,0.0,0.0,0.0,1.0,0.0,0.0,0.0,0.0,0.0,0.0,24.0,21.4,0.0,0.0,1.0,0.8,4.0,3.6,0.0,0.0,56,True
9320,2.2,30.0,0.0,0.6923076923076923,369.0,5765,0,5760,1.0,188.0,6221,37,75,20,35.7,5,1.0,0.0,0.0,0.0,0.0,0.0,0.0,0.0,1.0,0.0,0.0,0.0,0.0,0.0,0.0,0.0,0.0,33.0,64.3,0.0,0.0,23.0,28.4,1.0,0.8,1.0,1.6,393,True
3996,1.0,63.0,3.0,0.0,855.0,47,44,1,0.0,31.0,55530,34,86,0,0,6,1.0,0.0,0.0,0.0,0.0,0.0,0.0,0.0,0.0,0.0,1.0,0.0,0.0,0.0,0.0,0.0,0.0,49.0,123.8,0.0,0.0,1.0,0.8,5.0,4.5,1.0,0.9,176,False
28425,3.9,171.0,104.0,0.3,524.0,41,50,1,0.0,188.0,71627,17,100,2,2.9,11,0.0,1.0,0.0,0.0,0.0,0.0,0.0,1.0,0.0,0.0,0.0,0.0,0.0,0.0,0.0,0.0,0.0,97.0,25.5,0.0,0.0,2.0,3.0,1.0,0.8,0.0,0.0,5,False
3088,1.0,25.0,20.0,0.35714285714285715,185.0,41,30,11,2.0,86.0,3202,23,95,10,29.9,15,1.0,0.0,0.0,0.0,0.0,0.0,0.0,0.0,0.0,0.0,1.0,0.0,0.0,0.0,0.0,0.0,0.0,17.0,1.5,1.0,0.0,0.0,0.0,7.0,14.9,0.0,0.0,40,False
38633,3.8,442.0,232.0,0.0,1444.0,39,6,2,1.0,93.0,3197,10,89,1,1,21,0.0,1.0,0.0,0.0,0.0,0.0,0.0,0.0,0.0,0.0,0.0,0.0,1.0,0.0,0.0,0.0,0.0,177.0,99.1,1.0,0.4,2.0,0.7,8.0,5.0,2.0,1.4,94,True
183599,20.4,,365.0,0.6798679867986799,27165.0,16,55,2880,1.0,1887.0,15423,29,75,2,2,31,0.0,1.0,0.0,0.0,0.0,0.0,0.0,0.0,0.0,0.0,1.0,0.0,0.0,0.0,0.0,0.0,0.0,253.0,360.5,1.0,0.3,20.0,3.4,2.0,1.0,4.0,3.8,4,False
101314,6.2,,279.0,0.0,1442.0,5,31,3,1.0,553.0,3349,9,100,1,4,21,0.0,1.0,0.0,0.0,0.0,0.0,0.0,0.0,0.0,0.0,0.0,0.0,1.0,0.0,0.0,0.0,0.0,226.0,101.3,1.0,0.4,2.0,0.7,8.0,5.1,2.0,1.4,3,True
208562,8.9,,306.0,0.0,1443.0,10,37,3,1.0,372.0,6075,14,100,1,1,21,0.0,1.0,0.0,0.0,0.0,0.0,0.0,0.0,0.0,0.0,0.0,0.0,1.0,0.0,0.0,0.0,0.0,241.0,104.4,1.0,0.4,2.0,0.7,8.0,4.7,2.0,1.4,2,False
5593,1.4,48.0,33.0,0.35714285714285715,106.0,29,17,12,3.0,64.0,13744,23,72,0,0,26,0.0,1.0,0.0,0.0,0.0,0.0,0.0,0.0,0.0,0.0,1.0,0.0,0.0,0.0,0.0,0.0,0.0,27.0,6.2,1.0,0.0,0.0,0.0,6.0,12.8,0.0,0.0,87,False
129517,41.0,,684.0,0.0,3030.0,5767,24,17280,2.0,1405.0,3670,24,95,0,0,33,0.0,1.0,0.0,0.0,1.0,0.0,0.0,0.0,0.0,0.0,0.0,0.0,0.0,0.0,0.0,0.0,0.0,133.0,81.0,0.0,0.0,2.0,0.1,6.0,2.7,0.0,0.0,19,False
55253,10.3,147.0,129.0,1.0,0.0,95052,95050,96480,4.0,372.0,8500,21,100,0,0,137,0.0,1.0,0.0,0.0,0.0,0.0,0.0,0.0,0.0,0.0,1.0,0.0,0.0,0.0,0.0,0.0,0.0,514.0,266.8,7.0,2.1,0.0,0.0,7.0,1.4,3.0,1.3,47,False
111372,16.0,,448.0,0.6798679867986799,27425.0,47,27,2880,2.0,932.0,19795,19,90,2,2,35,0.0,1.0,0.0,0.0,0.0,0.0,0.0,0.0,0.0,0.0,1.0,0.0,0.0,0.0,0.0,0.0,0.0,256.0,362.1,1.0,0.3,19.0,3.1,3.0,1.0,4.0,3.8,195,False
472967,13.6,,387.0,0.0,1445.0,22,48,3,1.0,373.0,3121,12,100,1,1,21,0.0,1.0,0.0,0.0,0.0,0.0,0.0,0.0,0.0,0.0,0.0,0.0,1.0,0.0,0.0,0.0,0.0,285.0,180.1,1.0,0.4,2.0,0.7,6.0,3.5,3.0,2.2,3,True
16172,3.7,17.0,12.0,0.32786885245901637,5983.0,7223,7223,8640,1.0,373.0,5552,37,75,2,2.4,20,0.0,1.0,0.0,0.0,0.0,0.0,0.0,0.0,0.0,0.0,1.0,0.0,0.0,0.0,0.0,0.0,0.0,104.0,112.4,0.0,0.0,2.0,3.0,1.0,2.0,1.0,1.9,394,True
12196,2.4,38.0,2.0,0.5674157303370787,2943.0,7,3,11,1.0,93.0,6421,18,100,0,5.6,8,0.0,1.0,0.0,0.0,0.0,0.0,0.0,0.0,1.0,0.0,0.0,0.0,0.0,0.0,0.0,0.0,0.0,38.0,46.7,0.0,0.0,6.0,9.6,0.0,0.0,0.0,0.0,17,False
7826,2.9,50.0,1.0,0.5625,827.0,4,1,1440,0.0,243.0,4384,79,45,0,0,4,1.0,0.0,0.0,0.0,1.0,0.0,0.0,0.0,0.0,0.0,0.0,0.0,0.0,0.0,0.0,0.0,0.0,24.0,58.0,0.0,0.0,8.0,0.1,0.0,0.0,0.0,0.0,29,True
6110,1.7,15.0,0.0,0.5642458100558659,591.0,12,1,16,1.0,121.0,5869,37,75,0,4,4,1.0,0.0,0.0,0.0,1.0,0.0,0.0,0.0,0.0,0.0,0.0,0.0,0.0,0.0,0.0,0.0,0.0,16.0,18.3,0.0,0.0,4.0,5.7,1.0,1.2,0.0,0.0,395,False
41833,5.9,33.0,20.0,0.32786885245901637,5983.0,7223,7223,8640,1.0,838.0,4712,29,99,2,4.8,20,0.0,1.0,0.0,0.0,0.0,0.0,0.0,0.0,0.0,0.0,1.0,0.0,0.0,0.0,0.0,0.0,0.0,111.0,112.5,0.0,0.0,2.0,3.0,2.0,2.6,1.0,1.9,75,False
21238,4.8,134.0,29.0,0.625,3637.0,11,8,1440,0.0,74.0,8561,10,25,0,99,9,1.0,0.0,0.0,0.0,1.0,0.0,0.0,0.0,0.0,0.0,0.0,0.0,0.0,0.0,0.0,0.0,0.0,83.0,110.2,0.0,0.0,8.0,0.1,0.0,0.0,0.0,0.0,12,True
121423,8.9,,24.0,0.6625,1086.0,413302,413302,413280,209.0,746.0,20041,19,90,4,9.5,1292,0.0,1.0,0.0,0.0,0.0,0.0,0.0,0.0,0.0,0.0,1.0,0.0,0.0,0.0,0.0,0.0,0.0,223.0,3631.2,7.0,125.5,1.0,13.5,15.0,1.8,2.0,2.6,194,False
4633,1.4,41.0,0.0,0.48717948717948717,239.0,18,0,19,1.0,298.0,3234,26,86,20,19.9,4,1.0,0.0,0.0,0.0,1.0,0.0,0.0,0.0,0.0,0.0,0.0,0.0,0.0,0.0,0.0,0.0,0.0,30.0,12.0,0.0,0.0,24.0,11.2,0.0,0.0,0.0,0.0,43,False
6866,1.7,59.0,0.0,0.48717948717948717,239.0,18,0,19,1.0,83.0,3128,33,56,0,2.3,4,1.0,0.0,0.0,0.0,1.0,0.0,0.0,0.0,0.0,0.0,0.0,0.0,0.0,0.0,0.0,0.0,0.0,42.0,32.8,0.0,0.0,24.0,11.2,0.0,0.0,0.0,0.0,91,False
10723,2.1,69.0,0.0,0.48717948717948717,239.0,19,1,20,1.0,64.0,4549,29,99,0,2.9,4,1.0,0.0,0.0,0.0,1.0,0.0,0.0,0.0,0.0,0.0,0.0,0.0,0.0,0.0,0.0,0.0,0.0,60.0,44.9,0.0,0.0,24.0,11.2,0.0,0.0,0.0,0.0,75,False
17088,2.7,90.0,0.0,0.48717948717948717,239.0,19,1,20,1.0,102.0,11610,29,80,0,3.7,4,1.0,0.0,0.0,0.0,1.0,0.0,0.0,0.0,0.0,0.0,0.0,0.0,0.0,0.0,0.0,0.0,0.0,86.0,123.2,0.0,0.0,24.0,11.2,0.0,0.0,1.0,0.6,243,False
613459,13.5,,187.0,0.7857142857142857,0.0,7202,7202,7200,3.0,1882.0,4093,15,88,3,3,18,0.0,1.0,0.0,0.0,0.0,0.0,0.0,0.0,0.0,0.0,0.0,0.0,1.0,0.0,0.0,0.0,0.0,138.0,87.1,0.0,0.0,1.0,0.4,7.0,27.7,0.0,0.0,17,True
914554,19.8,,648.0,0.0,1445.0,56,24,3,1.0,933.0,7052,24,96,1,1,21,0.0,1.0,0.0,0.0,0.0,0.0,0.0,0.0,0.0,0.0,0.0,0.0,1.0,0.0,0.0,0.0,0.0,437.0,110.4,1.0,0.4,2.0,0.7,6.0,3.1,2.0,1.4,23,True
307328,9.7,,246.0,0.7857142857142857,0.0,7204,7204,7200,3.0,1866.0,5617,19,100,3,3,18,0.0,1.0,0.0,0.0,0.0,0.0,0.0,0.0,0.0,0.0,0.0,0.0,1.0,0.0,0.0,0.0,0.0,165.0,91.2,0.0,0.0,1.0,0.4,8.0,38.3,0.0,0.0,5,False
25432,3.3,106.0,0.0,0.48717948717948717,239.0,20,1,21,1.0,37.0,6634,14,90,0,3.3,4,1.0,0.0,0.0,0.0,1.0,0.0,0.0,0.0,0.0,0.0,0.0,0.0,0.0,0.0,0.0,0.0,0.0,91.0,115.4,0.0,0.0,24.0,11.2,0.0,0.0,1.0,0.6,31,False
74824,13.2,762.0,511.0,0.6798679867986799,20604.0,54,34,2880,2.0,169.0,18472,8,100,2,2,36,0.0,1.0,0.0,0.0,0.0,0.0,0.0,0.0,0.0,0.0,1.0,0.0,0.0,0.0,0.0,0.0,0.0,218.0,304.6,1.0,0.3,19.0,3.1,2.0,1.0,3.0,2.6,9,False
39662,4.2,208.0,78.0,0.48717948717948717,4195.0,30,11,31,1.0,149.0,6156,42,93,0,4.7,6,1.0,0.0,0.0,0.0,1.0,0.0,0.0,0.0,0.0,0.0,0.0,0.0,0.0,0.0,0.0,0.0,0.0,172.0,117.4,0.0,0.0,14.0,6.5,1.0,0.1,1.0,0.6,14,False
44024,11.6,14.0,3.0,0.65,13.0,537138,537138,537120,1.0,373.0,5694,37,75,0,0,113,0.0,1.0,0.0,0.0,1.0,0.0,0.0,0.0,0.0,0.0,0.0,0.0,0.0,0.0,0.0,0.0,0.0,169.0,440.7,0.0,0.0,0.0,0.0,6.0,3.7,3.0,2.7,393,False
61091,5.2,257.0,114.0,0.48717948717948717,9078.0,33,14,34,1.0,0.0,5548,39,100,0,3.8,8,0.0,1.0,0.0,0.0,1.0,0.0,0.0,0.0,0.0,0.0,0.0,0.0,0.0,0.0,0.0,0.0,0.0,192.0,233.4,0.0,0.0,14.0,6.3,1.0,0.1,3.0,2.6,37,False
90619,6.3,283.0,134.0,0.48717948717948717,9110.0,34,16,35,1.0,373.0,6465,33,85,0,0,9,0.0,1.0,0.0,0.0,1.0,0.0,0.0,0.0,0.0,0.0,0.0,0.0,0.0,0.0,0.0,0.0,0.0,204.0,247.8,0.0,0.0,14.0,6.3,2.0,0.9,3.0,2.6,13,False
228449,14.1,,64.0,0.0,750.0,56,56,4,2.0,933.0,28853,14,90,1,2,8,1.0,0.0,0.0,0.0,0.0,0.0,0.0,0.0,0.0,0.0,0.0,1.0,0.0,0.0,0.0,0.0,0.0,103.0,75.4,0.0,0.0,19.0,23.2,19.0,23.2,0.0,0.0,21,False
3070,1.3,23.0,0.0,0.0,1082.0,9,0,11,0.0,9.0,29210,24,72,56,42.8,5,1.0,0.0,0.0,0.0,1.0,0.0,0.0,0.0,0.0,0.0,0.0,0.0,0.0,0.0,0.0,0.0,0.0,24.0,41.1,0.0,0.0,15.0,6.2,0.0,0.0,0.0,0.0,36,True
17326,2.7,47.0,48.0,0.4461538461538462,988.0,1448,1448,1440,5.0,373.0,7412,29,100,0,0,18,0.0,1.0,0.0,0.0,0.0,0.0,0.0,0.0,0.0,0.0,0.0,0.0,1.0,0.0,0.0,0.0,0.0,60.0,47.8,0.0,0.0,1.0,0.5,1.0,0.9,1.0,1.0,5,False
165024,8.6,,198.0,0.48717948717948717,9108.0,39,21,40,1.0,93.0,3606,8,80,0,0,10,0.0,1.0,0.0,0.0,1.0,0.0,0.0,0.0,0.0,0.0,0.0,0.0,0.0,0.0,0.0,0.0,0.0,260.0,253.6,1.0,0.4,12.0,5.1,6.0,1.4,3.0,2.6,10,False
5721,1.8,48.0,0.0,0.0,1078.0,10,2,12,0.0,87.0,4136,91,43,28,33.6,6,1.0,0.0,0.0,0.0,1.0,0.0,0.0,0.0,0.0,0.0,0.0,0.0,0.0,0.0,0.0,0.0,0.0,44.0,73.8,0.0,0.0,15.0,6.9,0.0,0.0,0.0,0.0,30,False
11591,2.9,24.0,0.0,0.55,630.0,6,0,12,1.0,186.0,6900,37,75,0,23.9,4,1.0,0.0,0.0,0.0,0.0,0.0,0.0,0.0,1.0,0.0,0.0,0.0,0.0,0.0,0.0,0.0,0.0,26.0,32.9,0.0,0.0,13.0,13.6,0.0,0.0,0.0,0.0,396,True
809731,42.3,,436.0,0.0,1187.0,8652,7203,8640,0.0,1864.0,5025,24,93,0,0,24,0.0,1.0,0.0,0.0,0.0,0.0,0.0,0.0,0.0,0.0,1.0,0.0,0.0,0.0,0.0,0.0,0.0,608.0,454.4,1.0,0.3,0.0,0.0,11.0,2.3,9.0,5.4,15,False
357101,12.7,,280.0,0.48717948717948717,9109.0,44,26,45,1.0,373.0,6302,41,93,0,0,10,0.0,1.0,0.0,0.0,1.0,0.0,0.0,0.0,0.0,0.0,0.0,0.0,0.0,0.0,0.0,0.0,0.0,331.0,413.9,1.0,0.4,7.0,2.7,6.0,1.5,4.0,4.8,15,True
8043,2.0,8.0,0.0,0.0,7856.0,17,0,3,0.0,161.0,3145,17,98,25,56.5,4,1.0,0.0,0.0,0.0,0.0,0.0,0.0,0.0,0.0,0.0,0.0,0.0,0.0,1.0,0.0,0.0,0.0,10.0,15.8,0.0,0.0,8.0,11.7,0.0,0.0,0.0,0.0,45,True
23493,5.0,43.0,1.0,0.8571428571428571,946.0,4,3,6,0.0,373.0,7053,36,100,0,0,3,0.0,0.0,1.0,0.0,1.0,0.0,0.0,0.0,0.0,0.0,0.0,0.0,0.0,0.0,0.0,0.0,0.0,39.0,18.6,0.0,0.0,16.0,39.3,24.0,46.9,0.0,0.0,4,True
8043,2.0,29.0,0.0,0.0,7856.0,17,0,3,0.0,169.0,15406,29,76,25,56.9,4,1.0,0.0,0.0,0.0,0.0,0.0,0.0,0.0,0.0,0.0,0.0,0.0,0.0,1.0,0.0,0.0,0.0,27.0,38.3,0.0,0.0,8.0,11.7,1.0,1.4,0.0,0.0,49,False
13656,2.6,64.0,4.0,0.0,12261.0,19,1,4,0.0,388.0,7874,42,100,25,36.8,4,1.0,0.0,0.0,0.0,0.0,0.0,0.0,0.0,0.0,0.0,0.0,0.0,0.0,1.0,0.0,0.0,0.0,56.0,64.7,0.0,0.0,7.0,10.2,0.0,0.0,0.0,0.0,24,True
56524,5.2,868.0,521.0,0.48717948717948717,9110.0,55,37,56,1.0,298.0,5917,39,93,0,0,10,0.0,1.0,0.0,0.0,1.0,0.0,0.0,0.0,0.0,0.0,0.0,0.0,0.0,0.0,0.0,0.0,0.0,408.0,349.6,1.0,0.4,1.0,0.5,4.0,1.2,3.0,4.1,15,False
31849,3.7,103.0,34.0,0.5760869565217391,5613.0,7,3,19,2.0,373.0,7649,51,100,0,5.2,6,1.0,0.0,0.0,0.0,0.0,0.0,0.0,0.0,0.0,0.0,0.0,0.0,0.0,1.0,0.0,0.0,0.0,86.0,33.7,0.0,0.0,23.0,33.8,1.0,0.7,0.0,0.0,7,False
31366,4.8,58.0,4.0,0.55,1164.0,7,1,13,1.0,568.0,4066,91,42,0,4.1,4,1.0,0.0,0.0,0.0,0.0,0.0,0.0,0.0,1.0,0.0,0.0,0.0,0.0,0.0,0.0,0.0,0.0,53.0,82.8,0.0,0.0,13.0,13.6,0.0,0.0,0.0,0.0,31,False
143562,8.4,,605.0,0.48717948717948717,9102.0,58,40,59,1.0,186.0,3469,7,92,0,0,10,0.0,1.0,0.0,0.0,1.0,0.0,0.0,0.0,0.0,0.0,0.0,0.0,0.0,0.0,0.0,0.0,0.0,382.0,348.8,1.0,0.4,0.0,0.0,4.0,1.2,3.0,5.0,13,True
27020,5.5,169.0,92.0,0.8571428571428571,937.0,15,14,17,0.0,185.0,25940,12,92,0,0,4,0.0,0.0,1.0,0.0,1.0,0.0,0.0,0.0,0.0,0.0,0.0,0.0,0.0,0.0,0.0,0.0,0.0,78.0,228.4,1.0,0.8,7.0,16.8,8.0,10.4,2.0,2.5,25,False
23529,4.2,241.0,166.0,0.55,10235.0,19,13,26,1.0,185.0,7619,51,100,0,0,9,0.0,1.0,0.0,0.0,0.0,0.0,0.0,0.0,1.0,0.0,0.0,0.0,0.0,0.0,0.0,0.0,0.0,141.0,105.4,0.0,0.0,12.0,11.8,1.0,0.1,0.0,0.0,7,False
439307,22.8,,692.0,0.5476190476190477,334.0,53,52,15,1015.0,1888.0,192885,15,100,0,0,36,0.0,1.0,0.0,0.0,0.0,0.0,0.0,0.0,0.0,0.0,0.0,0.0,1.0,0.0,0.0,0.0,0.0,297.0,161.7,1.0,0.2,0.0,0.0,16.0,18.4,2.0,2.5,10,False
53403,12.8,105.0,69.0,0.65,13.0,537140,537140,537120,1.0,222.0,7477,12,100,0,0,113,0.0,1.0,0.0,0.0,1.0,0.0,0.0,0.0,0.0,0.0,0.0,0.0,0.0,0.0,0.0,0.0,0.0,185.0,624.6,0.0,0.0,0.0,0.0,6.0,3.2,4.0,3.1,25,False
7513,2.9,193.0,138.0,0.8571428571428571,937.0,25,24,28,0.0,371.0,16266,18,90,0,0,4,0.0,0.0,1.0,0.0,1.0,0.0,0.0,0.0,0.0,0.0,0.0,0.0,0.0,0.0,0.0,0.0,0.0,50.0,190.8,1.0,0.8,1.0,2.0,2.0,2.8,2.0,2.5,192,True
3774,1.3,7.0,0.0,0.5,617.0,5,0,21,1.0,75.0,3119,11,67,20,24.6,4,1.0,0.0,0.0,0.0,0.0,0.0,0.0,0.0,0.0,0.0,0.0,0.0,0.0,1.0,0.0,0.0,0.0,8.0,5.1,0.0,0.0,7.0,10.9,0.0,0.0,0.0,0.0,3,True
38630,9.7,18.0,1.0,0.7948717948717948,168.0,13,0,27,0.0,185.0,7064,37,75,0,0,3,0.0,0.0,1.0,0.0,0.0,0.0,0.0,0.0,0.0,0.0,1.0,0.0,0.0,0.0,0.0,0.0,0.0,18.0,13.9,1.0,0.1,9.0,30.0,1.0,0.1,1.0,0.0,395,True
27981,3.5,146.0,72.0,0.29411764705882354,5851.0,30,11,31,1.0,185.0,4033,13,94,0,0,10,0.0,1.0,0.0,0.0,0.0,0.0,0.0,0.0,0.0,0.0,0.0,0.0,0.0,1.0,0.0,0.0,0.0,104.0,46.3,0.0,0.0,11.0,9.8,1.0,1.2,0.0,0.0,32,False
17017,3.6,283.0,228.0,0.55,10234.0,28,22,35,1.0,371.0,5664,12,100,0,0,9,0.0,1.0,0.0,0.0,0.0,0.0,0.0,0.0,1.0,0.0,0.0,0.0,0.0,0.0,0.0,0.0,0.0,114.0,77.5,0.0,0.0,11.0,11.4,1.0,0.1,0.0,0.0,3,True
6045,1.7,28.0,20.0,1.0,486.0,28,15,35,0.0,185.0,16779,21,93,1,1.4,6,0.0,0.0,1.0,0.0,0.0,0.0,0.0,0.0,0.0,0.0,1.0,0.0,0.0,0.0,0.0,0.0,0.0,17.0,19.2,0.0,0.0,0.0,0.0,5.0,14.6,0.0,0.0,54,True
4404,1.4,33.0,0.0,0.0,753.0,7,0,19,2.0,185.0,7593,37,75,0,1.6,5,1.0,0.0,0.0,0.0,1.0,0.0,0.0,0.0,0.0,0.0,0.0,0.0,0.0,0.0,0.0,0.0,0.0,36.0,19.0,0.0,0.0,33.0,15.7,2.0,1.9,0.0,0.0,395,False
7615,1.8,72.0,0.0,0.0,753.0,7,0,19,2.0,46.0,7564,37,75,0,1.2,5,1.0,0.0,0.0,0.0,1.0,0.0,0.0,0.0,0.0,0.0,0.0,0.0,0.0,0.0,0.0,0.0,0.0,36.0,18.8,0.0,0.0,33.0,19.7,1.0,1.5,0.0,0.0,395,False
28831,3.6,291.0,179.0,0.29411764705882354,5851.0,45,26,46,1.0,557.0,3428,29,99,0,0,10,0.0,1.0,0.0,0.0,0.0,0.0,0.0,0.0,0.0,0.0,0.0,0.0,0.0,1.0,0.0,0.0,0.0,148.0,122.1,1.0,0.7,4.0,3.1,1.0,0.7,1.0,0.7,77,False
30276,3.7,316.0,214.0,0.29411764705882354,5851.0,48,30,50,1.0,557.0,5898,38,90,0,0,10,0.0,1.0,0.0,0.0,0.0,0.0,0.0,0.0,0.0,0.0,0.0,0.0,0.0,1.0,0.0,0.0,0.0,137.0,113.7,1.0,0.7,3.0,1.6,1.0,0.7,1.0,0.7,31,False
4111,1.5,16.0,0.0,0.53,96.0,18,0,37,0.0,169.0,3614,33,49,20,38.6,4,1.0,0.0,0.0,0.0,0.0,0.0,0.0,0.0,1.0,0.0,0.0,0.0,0.0,0.0,0.0,0.0,0.0,18.0,12.1,0.0,0.0,16.0,24.7,0.0,0.0,0.0,0.0,214,True
551340,52.7,,1587.0,0.7175572519083969,83.0,1447,59,1440,1.0,1509.0,3139,10,100,0,0,6,0.0,1.0,0.0,0.0,0.0,0.0,0.0,0.0,0.0,0.0,1.0,0.0,0.0,0.0,0.0,0.0,0.0,481.0,240.4,1.0,0.6,1.0,0.1,13.0,2.8,2.0,1.2,17,False
22444,3.1,102.0,0.0,0.0,753.0,8,1,19,2.0,74.0,7450,37,75,0,3.5,5,1.0,0.0,0.0,0.0,1.0,0.0,0.0,0.0,0.0,0.0,0.0,0.0,0.0,0.0,0.0,0.0,0.0,91.0,71.6,0.0,0.0,33.0,20.2,1.0,1.5,1.0,0.5,395,True
9653,3.3,203.0,146.0,0.8571428571428571,0.0,30,28,32,0.0,185.0,6562,10,100,0,0,5,0.0,0.0,1.0,0.0,1.0,0.0,0.0,0.0,0.0,0.0,0.0,0.0,0.0,0.0,0.0,0.0,0.0,49.0,186.7,1.0,0.8,1.0,2.0,2.0,2.8,2.0,2.5,5,True
107395,10.3,,214.0,0.0,4391.0,6,49,41760,3.0,377.0,4010,20,100,0,9.9,10,1.0,0.0,0.0,0.0,1.0,0.0,0.0,0.0,0.0,0.0,0.0,0.0,0.0,0.0,0.0,0.0,0.0,142.0,70.3,1.0,0.6,9.0,11.0,6.0,7.5,0.0,0.0,11,True
7933,1.9,18.0,0.0,0.2898550724637681,701.0,25,4,28,1.0,55.0,3149,18,100,0,4.3,6,1.0,0.0,0.0,0.0,1.0,0.0,0.0,0.0,0.0,0.0,0.0,0.0,0.0,0.0,0.0,0.0,0.0,19.0,6.4,0.0,0.0,7.0,9.7,0.0,0.0,0.0,0.0,3,False
31746,4.2,149.0,28.0,0.7338709677419355,6776.0,22,17,51,0.0,371.0,3300,31,97,0,0,9,0.0,1.0,0.0,0.0,1.0,0.0,0.0,0.0,0.0,0.0,0.0,0.0,0.0,0.0,0.0,0.0,0.0,114.0,131.2,0.0,0.0,16.0,10.7,5.0,3.3,0.0,0.0,127,False
17410,4.4,240.0,160.0,0.8571428571428571,0.0,4,3,1,0.0,703.0,6916,21,96,0,0,5,0.0,0.0,1.0,0.0,1.0,0.0,0.0,0.0,0.0,0.0,0.0,0.0,0.0,0.0,0.0,0.0,0.0,69.0,193.4,1.0,0.8,1.0,2.0,3.0,2.1,2.0,2.5,25,False
45708,4.5,339.0,229.0,0.29411764705882354,5852.0,50,32,52,1.0,278.0,3281,6,100,0,0,10,0.0,1.0,0.0,0.0,0.0,0.0,0.0,0.0,0.0,0.0,0.0,0.0,0.0,1.0,0.0,0.0,0.0,143.0,114.8,1.0,0.7,3.0,1.6,1.0,0.7,1.0,0.7,4,False
10035,2.5,39.0,32.0,0.4936708860759494,75.0,99375,99375,99360,0.0,557.0,10862,24,100,0,0,37,0.0,1.0,0.0,0.0,1.0,0.0,0.0,0.0,0.0,0.0,0.0,0.0,0.0,0.0,0.0,0.0,0.0,152.0,31.0,0.0,0.0,15.0,14.5,3.0,0.7,0.0,0.0,39,False
32318,3.6,99.0,24.0,0.2857142857142857,3314.0,29,8,66240,1.0,185.0,3748,21,84,0,5.3,23,1.0,0.0,0.0,0.0,1.0,0.0,0.0,0.0,0.0,0.0,0.0,0.0,0.0,0.0,0.0,0.0,0.0,90.0,38.6,0.0,0.0,48.0,35.5,9.0,5.0,0.0,0.0,87,False
57967,5.6,192.0,48.0,0.7338709677419355,6776.0,27,22,56,0.0,278.0,6435,21,91,0,0,9,0.0,1.0,0.0,0.0,1.0,0.0,0.0,0.0,0.0,0.0,0.0,0.0,0.0,0.0,0.0,0.0,0.0,144.0,138.3,0.0,0.0,16.0,10.7,5.0,3.0,0.0,0.0,75,True
28262,4.0,219.0,75.0,0.7338709677419355,6775.0,33,28,1,0.0,557.0,3709,29,99,0,0,9,0.0,1.0,0.0,0.0,1.0,0.0,0.0,0.0,0.0,0.0,0.0,0.0,0.0,0.0,0.0,0.0,0.0,143.0,135.2,0.0,0.0,16.0,10.6,4.0,2.8,0.0,0.0,79,True
26396,3.6,113.0,69.0,0.9130434782608695,0.0,42,53,11,2.0,364.0,13696,23,72,0,0,12,0.0,0.0,1.0,0.0,1.0,0.0,0.0,0.0,0.0,0.0,0.0,0.0,0.0,0.0,0.0,0.0,0.0,40.0,15.4,0.0,0.0,1.0,1.1,3.0,11.0,1.0,0.0,87,False
11248,2.5,39.0,0.0,0.4864864864864865,376.0,12,3,45,0.0,46.0,3502,23,70,25,31.8,4,1.0,0.0,0.0,0.0,1.0,0.0,0.0,0.0,0.0,0.0,0.0,0.0,0.0,0.0,0.0,0.0,0.0,31.0,11.2,0.0,0.0,7.0,10.8,1.0,1.1,0.0,0.0,202,False
17547,3.1,49.0,1.0,0.4864864864864865,376.0,14,5,47,0.0,46.0,3496,23,70,25,33.4,4,1.0,0.0,0.0,0.0,1.0,0.0,0.0,0.0,0.0,0.0,0.0,0.0,0.0,0.0,0.0,0.0,0.0,40.0,14.0,0.0,0.0,7.0,10.8,1.0,1.1,0.0,0.0,202,False
10228,2.4,245.0,146.0,0.7338709677419355,5817.0,44,39,1,1.0,371.0,18895,18,90,0,0,15,0.0,1.0,0.0,0.0,1.0,0.0,0.0,0.0,0.0,0.0,0.0,0.0,0.0,0.0,0.0,0.0,0.0,90.0,191.3,0.0,0.0,5.0,3.4,0.0,0.0,1.0,0.5,187,False
356593,18.9,,143.0,0.8333333333333334,75.0,8645,8644,8640,1.0,471.0,5073,11,100,0,0,8,0.0,1.0,0.0,0.0,1.0,0.0,0.0,0.0,0.0,0.0,0.0,0.0,0.0,0.0,0.0,0.0,0.0,467.0,57.9,1.0,0.4,18.0,12.5,15.0,1.3,1.0,0.6,3,False
6819,2.9,9.0,0.0,0.0,2599.0,4,0,5,0.0,92.0,4863,1,33,15,29.2,4,1.0,0.0,0.0,0.0,0.0,0.0,0.0,0.0,0.0,0.0,0.0,0.0,0.0,1.0,0.0,0.0,0.0,1.0,1.4,0.0,0.0,9.0,11.5,0.0,0.0,0.0,0.0,12,True
8709,2.1,54.0,6.0,0.0,471.0,33,22,52,2.0,92.0,3195,21,47,0.7,1.9,14,1.0,0.0,0.0,0.0,1.0,0.0,0.0,0.0,0.0,0.0,0.0,0.0,0.0,0.0,0.0,0.0,0.0,37.0,21.9,8.0,8.8,6.0,5.9,5.0,6.8,0.0,0.0,43,True
13391,2.4,67.0,26.0,0.28169014084507044,2824.0,18,4,26,1.0,371.0,3441,31,97,0,8,9,0.0,1.0,0.0,0.0,0.0,0.0,0.0,0.0,0.0,0.0,0.0,0.0,0.0,1.0,0.0,0.0,0.0,53.0,25.7,0.0,0.0,22.0,23.9,0.0,0.0,0.0,0.0,128,False
18598,4.8,46.0,3.0,0.0,3092.0,9,4,5,0.0,557.0,8164,1,33,10,32.7,6,1.0,0.0,0.0,0.0,0.0,0.0,0.0,0.0,0.0,0.0,0.0,0.0,0.0,1.0,0.0,0.0,0.0,23.0,64.5,0.0,0.0,9.0,29.7,0.0,0.0,1.0,0.8,12,True
73852,5.8,460.0,313.0,0.2857142857142857,5857.0,22,3,1,1.0,662.0,7325,22,100,0,0,10,0.0,1.0,0.0,0.0,0.0,0.0,0.0,0.0,0.0,0.0,0.0,0.0,0.0,1.0,0.0,0.0,0.0,173.0,114.1,1.0,0.7,2.0,0.4,2.0,0.8,1.0,0.7,16,False
10211,2.3,65.0,13.0,0.4864864864864865,3375.0,30,21,1,0.0,37.0,4202,17,100,25,24.4,8,1.0,0.0,0.0,0.0,1.0,0.0,0.0,0.0,0.0,0.0,0.0,0.0,0.0,0.0,0.0,0.0,0.0,51.0,22.5,0.0,0.0,7.0,10.8,1.0,1.1,0.0,0.0,5,False
121340,7.5,,404.0,0.28169014084507044,6390.0,54,35,1,1.0,557.0,4604,38,91,0,0,11,0.0,1.0,0.0,0.0,0.0,0.0,0.0,0.0,0.0,0.0,0.0,0.0,0.0,1.0,0.0,0.0,0.0,208.0,130.9,1.0,0.7,3.0,0.6,3.0,0.8,1.0,0.7,33,False
28133,3.4,219.0,122.0,0.28169014084507044,9322.0,56,35,66240,1.0,371.0,6342,13,97,0,0,26,0.0,1.0,0.0,0.0,1.0,0.0,0.0,0.0,0.0,0.0,0.0,0.0,0.0,0.0,0.0,0.0,0.0,130.0,51.1,0.0,0.0,32.0,27.4,7.0,3.4,0.0,0.0,72,True
138850,8.1,,423.0,0.28169014084507044,6394.0,57,38,1,1.0,278.0,3719,9,100,0,0,11,0.0,1.0,0.0,0.0,0.0,0.0,0.0,0.0,0.0,0.0,0.0,0.0,0.0,1.0,0.0,0.0,0.0,217.0,144.0,1.0,0.7,3.0,0.6,3.0,0.8,1.0,0.7,12,False
29051,3.9,1234.0,940.0,0.48484848484848486,0.0,31,13,2,1.0,111.0,5731,18,93,0,0,11,0.0,1.0,0.0,0.0,1.0,0.0,0.0,0.0,0.0,0.0,0.0,0.0,0.0,0.0,0.0,0.0,0.0,263.0,267.7,1.0,0.4,0.0,0.0,3.0,0.4,2.0,2.8,29,True
13772,2.7,1259.0,965.0,0.48484848484848486,0.0,3,44,3,1.0,464.0,4637,27,78,0,0,11,0.0,1.0,0.0,0.0,1.0,0.0,0.0,0.0,0.0,0.0,0.0,0.0,0.0,0.0,0.0,0.0,0.0,257.0,353.7,1.0,0.4,0.0,0.0,3.0,0.4,3.0,3.2,18,False
69833,5.4,271.0,155.0,0.28169014084507044,8862.0,11,49,66240,1.0,92.0,20881,17,94,0,0,28,0.0,1.0,0.0,0.0,1.0,0.0,0.0,0.0,0.0,0.0,0.0,0.0,0.0,0.0,0.0,0.0,0.0,154.0,89.3,0.0,0.0,24.0,18.4,7.0,2.9,0.0,0.0,16,False
143720,11.3,,101.0,0.0,743.0,60,60,5,2.0,468.0,5685,11,100,1,2,9,1.0,0.0,0.0,0.0,0.0,0.0,0.0,0.0,0.0,0.0,0.0,1.0,0.0,0.0,0.0,0.0,0.0,106.0,103.4,0.0,0.0,19.0,22.2,18.0,22.1,0.0,0.0,46,False
85810,6.1,367.0,230.0,0.28169014084507044,8864.0,29,7,66240,1.0,372.0,5831,23,90,0,0,28,0.0,1.0,0.0,0.0,1.0,0.0,0.0,0.0,0.0,0.0,0.0,0.0,0.0,0.0,0.0,0.0,0.0,179.0,73.6,0.0,0.0,14.0,12.7,4.0,1.1,0.0,0.0,21,False
17725,2.2,126.0,49.0,0.3333333333333333,154.0,50,18,1,0.0,372.0,4079,30,100,1,1,9,0.0,1.0,0.0,0.0,0.0,0.0,0.0,1.0,0.0,0.0,0.0,0.0,0.0,0.0,0.0,0.0,0.0,96.0,56.9,0.0,0.0,6.0,11.6,4.0,3.8,0.0,0.0,8,True
213212,10.0,,453.0,0.28169014084507044,6395.0,6,46,2,1.0,1204.0,7399,22,100,0,0,11,0.0,1.0,0.0,0.0,0.0,0.0,0.0,0.0,0.0,0.0,0.0,0.0,0.0,1.0,0.0,0.0,0.0,249.0,143.1,1.0,0.7,4.0,0.7,4.0,0.9,1.0,0.7,17,True
20194,3.0,394.0,266.0,0.0,3683.0,2,54,20,3.0,186.0,3622,29,100,0,0,14,0.0,1.0,0.0,0.0,1.0,0.0,0.0,0.0,0.0,0.0,0.0,0.0,0.0,0.0,0.0,0.0,0.0,112.0,40.8,0.0,0.0,4.0,4.2,3.0,2.0,0.0,0.0,58,False
15602,2.8,88.0,41.0,0.0,469.0,36,25,1,2.0,279.0,3222,21,48,0.7,2.2,16,0.0,1.0,0.0,0.0,1.0,0.0,0.0,0.0,0.0,0.0,0.0,0.0,0.0,0.0,0.0,0.0,0.0,51.0,22.1,8.0,8.8,6.0,7.7,8.0,11.7,0.0,0.0,44,True
31812,3.8,407.0,269.0,0.0,3683.0,4,56,20,3.0,186.0,7701,15,100,0,0,14,0.0,1.0,0.0,0.0,1.0,0.0,0.0,0.0,0.0,0.0,0.0,0.0,0.0,0.0,0.0,0.0,0.0,119.0,42.1,0.0,0.0,4.0,4.2,2.0,1.7,0.0,0.0,31,False
72608,5.9,850.0,625.0,0.28169014084507044,6397.0,35,17,2,1.0,93.0,5505,18,94,0,0,11,0.0,1.0,0.0,0.0,0.0,0.0,0.0,0.0,0.0,0.0,0.0,0.0,0.0,1.0,0.0,0.0,0.0,253.0,138.7,1.0,0.7,2.0,0.1,4.0,0.8,1.0,0.7,31,True
2386,0.7,106.0,85.0,0.4824120603015075,2248.0,28,24,4320,2.0,186.0,20601,57,100,0,0,11,0.0,1.0,0.0,0.0,0.0,0.0,0.0,0.0,1.0,0.0,0.0,0.0,0.0,0.0,0.0,0.0,0.0,36.0,3.7,0.0,0.0,0.0,0.0,0.0,0.0,0.0,0.0,10,False
750077,59.7,,103.0,0.7401960784313726,23730.0,28807,24488,28800,1.0,981.0,3281,2,100,0,0,42,0.0,1.0,0.0,0.0,0.0,0.0,0.0,0.0,0.0,0.0,1.0,0.0,0.0,0.0,0.0,0.0,0.0,363.0,149.2,2.0,0.3,0.0,0.0,23.0,5.7,2.0,1.3,8,True
602389,36.5,,462.0,0.0,1190.0,8655,7205,10080,0.0,1401.0,4205,13,89,0,0,24,0.0,1.0,0.0,0.0,0.0,0.0,0.0,0.0,0.0,0.0,1.0,0.0,0.0,0.0,0.0,0.0,0.0,591.0,448.9,1.0,0.3,0.0,0.0,10.0,2.2,8.0,4.9,9,False
4951,1.4,11.0,0.0,0.0,346.0,13,1,4,1.0,111.0,11589,41,59,0,5.2,4,1.0,0.0,0.0,0.0,1.0,0.0,0.0,0.0,0.0,0.0,0.0,0.0,0.0,0.0,0.0,0.0,0.0,12.0,1.7,0.0,0.0,5.0,7.0,1.0,1.6,0.0,0.0,80,True
9378,2.0,24.0,0.0,0.48,916.0,31,0,46,1.0,93.0,4303,24,96,0,22.5,5,1.0,0.0,0.0,0.0,0.0,0.0,0.0,0.0,0.0,0.0,0.0,0.0,1.0,0.0,0.0,0.0,0.0,25.0,11.5,0.0,0.0,24.0,34.2,1.0,0.7,0.0,0.0,79,False
14422,4.4,6.0,2.0,0.7857142857142857,1292.0,406081,406081,406080,1.0,559.0,16635,20,92,4,6.6,14,0.0,1.0,0.0,0.0,1.0,0.0,0.0,0.0,0.0,0.0,0.0,0.0,0.0,0.0,0.0,0.0,0.0,170.0,248.4,1.0,0.0,0.0,0.0,4.0,4.7,3.0,1.1,52,False
14325,2.7,1295.0,1000.0,0.48484848484848486,0.0,54,36,3,1.0,93.0,4610,17,94,0,0,11,0.0,1.0,0.0,0.0,1.0,0.0,0.0,0.0,0.0,0.0,0.0,0.0,0.0,0.0,0.0,0.0,0.0,251.0,356.1,1.0,0.4,0.0,0.0,4.0,0.7,3.0,3.2,32,False
41915,4.7,145.0,50.0,0.4864864864864865,1180.0,47,38,2,0.0,55.0,8750,7,100,1,1,15,0.0,1.0,0.0,0.0,1.0,0.0,0.0,0.0,0.0,0.0,0.0,0.0,0.0,0.0,0.0,0.0,0.0,89.0,17.0,0.0,0.0,5.0,8.9,2.0,1.1,0.0,0.0,4,True
73659,5.6,436.0,285.0,0.28169014084507044,8865.0,43,21,66240,1.0,818.0,8298,28,100,0,0,28,0.0,1.0,0.0,0.0,1.0,0.0,0.0,0.0,0.0,0.0,0.0,0.0,0.0,0.0,0.0,0.0,0.0,202.0,74.4,0.0,0.0,9.0,7.1,4.0,1.1,0.0,0.0,24,False
315417,45.4,,1571.0,0.0,0.0,1445,1441,11520,0.0,1956.0,67896,34,94,5,5,20,0.0,0.0,1.0,0.0,0.0,1.0,0.0,0.0,0.0,0.0,0.0,0.0,0.0,0.0,0.0,0.0,0.0,414.0,890.2,0.0,0.0,0.0,0.0,11.0,10.6,12.0,9.4,31,False
14597,2.7,65.0,24.0,0.6944444444444444,2336.0,48,40,4,0.0,371.0,3093,33,57,0,0,11,0.0,1.0,0.0,0.0,1.0,0.0,0.0,0.0,0.0,0.0,0.0,0.0,0.0,0.0,0.0,0.0,0.0,49.0,22.7,0.0,0.0,1.0,1.6,1.0,0.8,1.0,0.0,93,False
40576,4.2,53.0,0.0,0.47761194029850745,668.0,56,0,58,1.0,18.0,3340,23,70,0,4.6,4,1.0,0.0,0.0,0.0,0.0,0.0,0.0,0.0,0.0,0.0,0.0,0.0,0.0,1.0,0.0,0.0,0.0,54.0,36.5,2.0,0.7,53.0,51.9,1.0,2.0,0.0,0.0,10,True
5037,1.7,0.0,17.0,0.0,659.0,24,8,20,0.0,74.0,3129,20,47,5.9,5.2,7,1.0,0.0,0.0,0.0,0.0,0.0,0.0,0.0,0.0,0.0,0.0,0.0,0.0,1.0,0.0,0.0,0.0,18.0,1.3,0.0,0.0,3.0,4.9,0.0,0.0,0.0,0.0,45,True
2021,1.0,2.0,0.0,0.0,721.0,18,2,20,0.0,20.0,13235,29,80,20,34.8,5,1.0,0.0,0.0,0.0,0.0,0.0,0.0,0.0,0.0,0.0,1.0,0.0,0.0,0.0,0.0,0.0,0.0,4.0,0.6,0.0,0.0,1.0,0.3,0.0,0.0,0.0,0.0,240,True
17031,2.8,262.0,181.0,0.47761194029850745,7705.0,35,38,1,3.0,370.0,3170,13,92,0,0,15,0.0,1.0,0.0,0.0,0.0,0.0,0.0,0.0,0.0,0.0,0.0,0.0,0.0,1.0,0.0,0.0,0.0,106.0,30.2,0.0,0.0,17.0,18.5,2.0,1.4,0.0,0.0,36,False
24011,3.3,589.0,417.0,0.5,3654.0,25,18,23,3.0,370.0,3665,29,100,0,0,17,0.0,1.0,0.0,0.0,1.0,0.0,0.0,0.0,0.0,0.0,0.0,0.0,0.0,0.0,0.0,0.0,0.0,125.0,33.8,0.0,0.0,0.0,0.0,2.0,0.1,0.0,0.0,58,False
5037,1.7,0.0,17.0,0.0,659.0,24,8,20,0.0,74.0,3129,20,47,5.9,5.2,7,1.0,0.0,0.0,0.0,0.0,0.0,0.0,0.0,0.0,0.0,0.0,0.0,0.0,1.0,0.0,0.0,0.0,18.0,1.3,0.0,0.0,3.0,4.9,0.0,0.0,0.0,0.0,45,True
37987,4.6,0.0,118.0,0.0,652.0,2,45,21,0.0,184.0,3502,14,75,6,6.9,11,0.0,1.0,0.0,0.0,0.0,0.0,0.0,0.0,0.0,0.0,0.0,0.0,0.0,1.0,0.0,0.0,0.0,66.0,39.0,0.0,0.0,3.0,3.9,1.0,2.4,0.0,0.0,4,False
9077,1.6,14.0,3.0,0.2857142857142857,223.0,33,29,38,1.0,184.0,3731,20,91,0,0,6,0.0,0.0,1.0,0.0,1.0,0.0,0.0,0.0,0.0,0.0,0.0,0.0,0.0,0.0,0.0,0.0,0.0,10.0,8.0,0.0,0.0,1.0,0.3,0.0,0.0,0.0,0.0,22,False
139270,10.2,,40.0,0.8262032085561497,33.0,25936,25935,27360,0.0,186.0,3769,11,93,0,0,22,0.0,1.0,0.0,0.0,0.0,1.0,0.0,0.0,0.0,0.0,0.0,0.0,0.0,0.0,0.0,0.0,0.0,193.0,70.9,0.0,0.0,11.0,6.5,2.0,0.5,0.0,0.0,14,False
21957,3.3,124.0,63.0,0.625,2466.0,4,40,14,1.0,557.0,14249,23,95,0,2.2,22,0.0,1.0,0.0,0.0,0.0,0.0,0.0,0.0,1.0,0.0,0.0,0.0,0.0,0.0,0.0,0.0,0.0,90.0,58.4,1.0,0.5,18.0,18.9,3.0,3.1,0.0,0.0,114,True
48714,10.7,780.0,550.0,0.6840390879478827,20806.0,43,23,2880,2.0,928.0,18816,19,90,2,2,38,0.0,1.0,0.0,0.0,0.0,0.0,0.0,0.0,0.0,0.0,1.0,0.0,0.0,0.0,0.0,0.0,0.0,197.0,323.0,1.0,0.3,19.0,3.1,2.0,1.0,3.0,2.6,189,False
24251,3.7,1.0,174.0,0.0,48.0,20,4,21,1.0,185.0,4396,24,97,6,6.5,14,0.0,1.0,0.0,0.0,0.0,0.0,0.0,0.0,0.0,0.0,0.0,0.0,0.0,1.0,0.0,0.0,0.0,75.0,72.4,0.0,0.0,3.0,3.9,1.0,2.4,0.0,0.0,79,True
95241,6.9,326.0,206.0,0.0,466.0,15,4,4,2.0,203.0,3072,16,100,1,0.5,16,0.0,1.0,0.0,0.0,1.0,0.0,0.0,0.0,0.0,0.0,0.0,0.0,0.0,0.0,0.0,0.0,0.0,167.0,118.2,8.0,8.8,5.0,5.2,8.0,10.3,1.0,1.9,21,False
87096,11.9,56.0,3.0,0.8571428571428571,990.0,4,3,41,0.0,92.0,48620,9,100,0,0,3,0.0,0.0,1.0,0.0,1.0,0.0,0.0,0.0,0.0,0.0,0.0,0.0,0.0,0.0,0.0,0.0,0.0,48.0,27.2,1.0,0.2,18.0,47.5,35.0,60.0,1.0,0.0,4,False
2389,1.0,1.0,0.0,0.5698924731182796,3139.0,4,0,5,1.0,157.0,3995,46,94,15,14.8,4,1.0,0.0,0.0,0.0,0.0,0.0,0.0,0.0,1.0,0.0,0.0,0.0,0.0,0.0,0.0,0.0,0.0,2.0,9.9,0.0,0.0,1.0,1.7,0.0,0.0,0.0,0.0,36,False
36977,4.1,721.0,560.0,0.28169014084507044,8858.0,54,33,66240,1.0,371.0,13678,23,95,0,0,28,0.0,1.0,0.0,0.0,1.0,0.0,0.0,0.0,0.0,0.0,0.0,0.0,0.0,0.0,0.0,0.0,0.0,171.0,131.8,1.0,0.4,3.0,2.7,4.0,1.0,2.0,0.9,115,False
48417,8.9,64.0,9.0,0.8571428571428571,990.0,7,6,43,0.0,1849.0,15882,52,75,0,0,3,0.0,0.0,1.0,0.0,1.0,0.0,0.0,0.0,0.0,0.0,0.0,0.0,0.0,0.0,0.0,0.0,0.0,50.0,40.4,1.0,0.2,18.0,47.5,31.0,58.4,0.0,0.0,4,True
58706,9.8,98.0,20.0,0.8571428571428571,983.0,10,9,47,0.0,1849.0,7795,34,100,0,0,4,0.0,0.0,1.0,0.0,1.0,0.0,0.0,0.0,0.0,0.0,0.0,0.0,0.0,0.0,0.0,0.0,0.0,66.0,14.2,0.0,0.0,17.0,46.7,35.0,59.2,0.0,0.0,5,True
10702,2.4,1340.0,1045.0,0.47761194029850745,0.0,26,8,6,1.0,185.0,3063,15,100,0,0,11,0.0,1.0,0.0,0.0,1.0,0.0,0.0,0.0,0.0,0.0,0.0,0.0,0.0,0.0,0.0,0.0,0.0,247.0,349.2,1.0,0.4,0.0,0.0,5.0,0.7,3.0,3.2,22,False
16458,3.9,43.0,12.0,0.55,6388.0,32,9,7200,1.0,203.0,3314,16,40,0,5,4,1.0,0.0,0.0,0.0,0.0,0.0,0.0,0.0,0.0,0.0,0.0,0.0,1.0,0.0,0.0,0.0,0.0,38.0,31.3,0.0,0.0,20.0,29.5,0.0,0.0,0.0,0.0,43,False
19633,3.2,84.0,34.0,0.0,546.0,24,7,1,0.0,184.0,3726,30,100,1,1.8,16,0.0,1.0,0.0,0.0,0.0,0.0,0.0,0.0,0.0,0.0,1.0,0.0,0.0,0.0,0.0,0.0,0.0,49.0,41.0,0.0,0.0,1.0,0.3,2.0,3.0,1.0,0.0,9,True
233550,15.8,,221.0,0.0,2812.0,1458,1458,2880,9.0,943.0,7098,32,100,3,3,89,0.0,1.0,0.0,0.0,0.0,0.0,0.0,1.0,0.0,0.0,0.0,0.0,0.0,0.0,0.0,0.0,0.0,245.0,113.2,0.0,0.0,3.0,4.2,5.0,6.5,1.0,1.9,3,False
17869,4.5,12.0,2.0,0.5436046511627907,3156.0,40,26,54,400.0,1849.0,4151,16,100,0,0,7,0.0,1.0,0.0,0.0,1.0,0.0,0.0,0.0,0.0,0.0,0.0,0.0,0.0,0.0,0.0,0.0,0.0,10.0,6.7,0.0,0.0,0.0,0.0,0.0,0.0,0.0,0.0,11,False
7564,1.9,178.0,175.0,0.0,1193.0,75,36,23,3.0,129.0,3073,26,100,1,1.4,16,1.0,0.0,0.0,0.0,1.0,0.0,0.0,0.0,0.0,0.0,0.0,0.0,0.0,0.0,0.0,0.0,0.0,47.0,32.6,0.0,0.0,0.0,0.0,3.0,5.0,0.0,0.0,4,False
16307,6.4,26.0,13.0,0.21428571428571427,20.0,21603,15858,100800,2.0,369.0,9812,19,90,0,0,85,0.0,1.0,0.0,1.0,0.0,0.0,0.0,0.0,0.0,0.0,0.0,0.0,0.0,0.0,0.0,0.0,0.0,72.0,110.2,1.0,0.1,0.0,0.0,1.0,0.1,1.0,1.3,115,True
5085,2.3,10.0,0.0,0.7857142857142857,1630.0,16,0,19,0.0,1150.0,14621,27,58,0,24.6,3,1.0,0.0,0.0,0.0,0.0,0.0,0.0,0.0,0.0,0.0,0.0,0.0,1.0,0.0,0.0,0.0,0.0,9.0,3.3,0.0,0.0,2.0,1.3,1.0,1.4,0.0,0.0,24,True
14493,2.6,756.0,624.0,0.2777777777777778,8813.0,29,8,66240,1.0,184.0,13884,23,95,0,0,28,0.0,1.0,0.0,0.0,1.0,0.0,0.0,0.0,0.0,0.0,0.0,0.0,0.0,0.0,0.0,0.0,0.0,137.0,208.0,1.0,0.4,2.0,2.5,4.0,1.0,3.0,1.3,115,False
13281,3.2,399.0,344.0,0.55,10244.0,51,45,1,1.0,371.0,18980,19,90,0,0,9,0.0,1.0,0.0,0.0,0.0,0.0,0.0,0.0,1.0,0.0,0.0,0.0,0.0,0.0,0.0,0.0,0.0,101.0,154.0,1.0,0.7,11.0,11.4,3.0,0.8,1.0,0.7,187,False
149871,13.5,,939.0,0.5519287833827893,329.0,46,45,21,1015.0,1858.0,44361,34,100,0,0,36,0.0,1.0,0.0,0.0,0.0,0.0,0.0,0.0,0.0,0.0,0.0,0.0,1.0,0.0,0.0,0.0,0.0,298.0,138.3,1.0,0.2,0.0,0.0,18.0,18.5,2.0,2.5,49,True
19797,4.6,46.0,7.0,0.7857142857142857,1882.0,21,6,24,0.0,92.0,3172,8,96,0,26.1,3,1.0,0.0,0.0,0.0,0.0,0.0,0.0,0.0,0.0,0.0,0.0,0.0,1.0,0.0,0.0,0.0,0.0,40.0,30.2,0.0,0.0,1.0,0.4,4.0,4.6,0.0,0.0,25,False
46069,7.1,79.0,30.0,0.7857142857142857,2317.0,30,14,32,0.0,369.0,8868,12,88,0,0,9,0.0,1.0,0.0,0.0,0.0,0.0,0.0,0.0,0.0,0.0,0.0,0.0,1.0,0.0,0.0,0.0,0.0,60.0,53.7,0.0,0.0,0.0,0.0,4.0,4.6,0.0,0.0,26,False
85629,9.7,98.0,32.0,0.7857142857142857,2317.0,33,17,35,0.0,924.0,49457,6,100,0,0,9,0.0,1.0,0.0,0.0,0.0,0.0,0.0,0.0,0.0,0.0,0.0,0.0,1.0,0.0,0.0,0.0,0.0,72.0,107.4,0.0,0.0,1.0,0.6,4.0,4.6,1.0,3.5,5,False
381587,16.8,,63.0,0.6625,3599.0,17289,17289,17280,2.0,390.0,4312,72,100,0,0,33,0.0,1.0,0.0,0.0,1.0,0.0,0.0,0.0,0.0,0.0,0.0,0.0,0.0,0.0,0.0,0.0,0.0,293.0,222.4,8.0,0.7,0.0,0.0,9.0,1.9,2.0,3.1,4,False
7230,1.8,132.0,88.0,0.273972602739726,2489.0,53,31,56,1.0,184.0,3648,29,100,0,0,9,0.0,1.0,0.0,0.0,0.0,0.0,0.0,0.0,0.0,0.0,0.0,0.0,0.0,1.0,0.0,0.0,0.0,35.0,11.7,0.0,0.0,0.0,0.0,0.0,0.0,1.0,0.0,58,True
3973,1.3,136.0,99.0,0.273972602739726,2490.0,2,39,1,1.0,184.0,3664,29,100,0,0,9,0.0,1.0,0.0,0.0,0.0,0.0,0.0,0.0,0.0,0.0,0.0,0.0,0.0,1.0,0.0,0.0,0.0,27.0,8.4,0.0,0.0,0.0,0.0,0.0,0.0,1.0,0.0,59,True
5737,1.8,22.0,0.0,0.8218085106382979,867.0,2,0,125280,0.0,1315.0,13972,27,60,40,43.8,4,1.0,0.0,0.0,0.0,1.0,0.0,0.0,0.0,0.0,0.0,0.0,0.0,0.0,0.0,0.0,0.0,0.0,19.0,59.9,0.0,0.0,19.0,22.6,0.0,0.0,0.0,0.0,25,False
144702,12.6,,51.0,0.7857142857142857,1393.0,43,27,45,0.0,92.0,3212,9,92,0,0,10,0.0,1.0,0.0,0.0,0.0,0.0,0.0,0.0,0.0,0.0,0.0,0.0,1.0,0.0,0.0,0.0,0.0,89.0,154.5,0.0,0.0,1.0,0.6,4.0,4.6,1.0,3.5,38,True
10769,2.2,136.0,80.0,0.6365461847389559,2872.0,42,25,56,4.0,92.0,3206,9,92,0,0,12,0.0,1.0,0.0,0.0,1.0,0.0,0.0,0.0,0.0,0.0,0.0,0.0,0.0,0.0,0.0,0.0,0.0,77.0,80.2,0.0,0.0,22.0,19.6,1.0,0.5,0.0,0.0,38,True
53409,7.7,156.0,85.0,0.7857142857142857,1311.0,7,50,1,0.0,92.0,3404,9,96,0,0,11,0.0,1.0,0.0,0.0,0.0,0.0,0.0,0.0,0.0,0.0,0.0,0.0,1.0,0.0,0.0,0.0,0.0,76.0,119.6,0.0,0.0,0.0,0.0,3.0,4.2,1.0,3.5,26,False
19971,2.9,108.0,54.0,0.2702702702702703,4127.0,50,19,57,1.0,92.0,6488,14,100,0,0,9,0.0,1.0,0.0,0.0,1.0,0.0,0.0,0.0,0.0,0.0,0.0,0.0,0.0,0.0,0.0,0.0,0.0,75.0,100.4,0.0,0.0,2.0,3.1,0.0,0.0,1.0,1.9,17,False
53979,7.7,188.0,98.0,0.7857142857142857,240.0,35,19,1,0.0,92.0,3365,9,96,0,0,15,0.0,1.0,0.0,0.0,0.0,0.0,0.0,0.0,0.0,0.0,0.0,0.0,1.0,0.0,0.0,0.0,0.0,87.0,40.3,0.0,0.0,0.0,0.0,3.0,4.2,0.0,0.0,26,False
49923,9.8,257.0,229.0,0.5476190476190477,0.0,5773,5773,5760,412.0,1698.0,10785,18,100,0,0,30,0.0,1.0,0.0,0.0,0.0,0.0,0.0,0.0,0.0,0.0,0.0,0.0,1.0,0.0,0.0,0.0,0.0,296.0,116.2,1.0,0.3,0.0,0.0,15.0,2.0,1.0,0.3,47,False
11234,2.9,1.0,0.0,0.622895622895623,620.0,77782,77773,77760,6.0,926.0,25104,34,95,0,0,39,0.0,1.0,0.0,0.0,1.0,0.0,0.0,0.0,0.0,0.0,0.0,0.0,0.0,0.0,0.0,0.0,0.0,360.0,212.1,1.0,0.3,4.0,0.1,9.0,0.8,2.0,0.9,21,False
70848,5.6,304.0,184.0,0.26666666666666666,4836.0,45,15,1,2.0,101.0,10410,15,100,0,0,13,0.0,1.0,0.0,0.0,1.0,0.0,0.0,0.0,0.0,0.0,0.0,0.0,0.0,0.0,0.0,0.0,0.0,160.0,147.8,0.0,0.0,0.0,0.0,0.0,0.0,2.0,3.0,9,True
126031,8.0,,339.0,0.0,467.0,59,48,7,2.0,370.0,3470,40,92,1,0.5,16,0.0,1.0,0.0,0.0,1.0,0.0,0.0,0.0,0.0,0.0,0.0,0.0,0.0,0.0,0.0,0.0,0.0,201.0,117.7,8.0,8.8,2.0,2.5,7.0,9.3,1.0,1.9,13,False
3778,1.0,10.0,1.0,0.13043478260869565,48.0,14,8,29,2.0,92.0,13081,30,80,2,1.8,10,0.0,1.0,0.0,0.0,1.0,0.0,0.0,0.0,0.0,0.0,0.0,0.0,0.0,0.0,0.0,0.0,0.0,12.0,4.7,0.0,0.0,0.0,0.0,0.0,0.0,0.0,0.0,244,False
6752,1.3,13.0,2.0,0.13043478260869565,48.0,14,8,29,2.0,92.0,13063,30,80,2,1.9,10,0.0,1.0,0.0,0.0,1.0,0.0,0.0,0.0,0.0,0.0,0.0,0.0,0.0,0.0,0.0,0.0,0.0,14.0,6.1,0.0,0.0,0.0,0.0,0.0,0.0,1.0,0.0,244,False
7194,1.4,15.0,3.0,0.13043478260869565,48.0,14,8,29,2.0,92.0,13045,30,80,2,1.9,10,0.0,1.0,0.0,0.0,1.0,0.0,0.0,0.0,0.0,0.0,0.0,0.0,0.0,0.0,0.0,0.0,0.0,14.0,6.0,0.0,0.0,0.0,0.0,0.0,0.0,1.0,0.0,244,False
109909,7.0,,149.0,0.6840390879478827,0.0,27,73,22,1.0,1868.0,5266,54,100,0,0,14,0.0,1.0,0.0,0.0,0.0,0.0,0.0,0.0,0.0,0.0,0.0,0.0,1.0,0.0,0.0,0.0,0.0,61.0,18.2,0.0,0.0,1.0,3.2,6.0,3.7,0.0,0.0,23,False
15510,2.0,24.0,6.0,0.13043478260869565,48.0,15,9,30,2.0,370.0,12991,30,80,2,9.7,10,0.0,1.0,0.0,0.0,1.0,0.0,0.0,0.0,0.0,0.0,0.0,0.0,0.0,0.0,0.0,0.0,0.0,17.0,11.8,0.0,0.0,0.0,0.0,0.0,0.0,1.0,0.0,244,True
36367,4.1,426.0,303.0,0.26666666666666666,4837.0,9,37,2,2.0,148.0,6092,38,93,0,0,13,0.0,1.0,0.0,0.0,1.0,0.0,0.0,0.0,0.0,0.0,0.0,0.0,0.0,0.0,0.0,0.0,0.0,145.0,182.0,0.0,0.0,0.0,0.0,1.0,0.9,1.0,1.2,15,False
24249,3.2,137.0,64.0,0.47029702970297027,5344.0,60,7,4,1.0,55.0,4004,10,100,0,6,12,0.0,1.0,0.0,0.0,0.0,0.0,0.0,0.0,0.0,0.0,0.0,0.0,1.0,0.0,0.0,0.0,0.0,103.0,27.1,0.0,0.0,23.0,18.4,1.0,0.2,0.0,0.0,14,False
30886,4.0,80.0,12.0,0.7165354330708661,3156.0,19,16,1,0.0,185.0,3265,14,97,0,15.3,11,0.0,1.0,0.0,0.0,0.0,0.0,0.0,1.0,0.0,0.0,0.0,0.0,0.0,0.0,0.0,0.0,0.0,74.0,49.1,0.0,0.0,28.0,34.0,1.0,1.4,0.0,0.0,29,True
9751,2.3,135.0,69.0,0.7165354330708661,4272.0,43,40,1,1.0,185.0,5566,19,100,0,0,13,0.0,1.0,0.0,0.0,0.0,0.0,0.0,1.0,0.0,0.0,0.0,0.0,0.0,0.0,0.0,0.0,0.0,77.0,31.5,0.0,0.0,18.0,18.3,1.0,0.7,0.0,0.0,14,False
42098,4.4,466.0,333.0,0.26666666666666666,4837.0,19,47,2,2.0,185.0,5939,37,94,0,0,13,0.0,1.0,0.0,0.0,1.0,0.0,0.0,0.0,0.0,0.0,0.0,0.0,0.0,0.0,0.0,0.0,0.0,155.0,272.1,1.0,0.6,0.0,0.0,3.0,1.8,2.0,1.8,16,False
24952,3.3,261.0,152.0,0.47029702970297027,6153.0,18,24,4,2.0,556.0,13779,22,91,0,0,13,0.0,1.0,0.0,0.0,0.0,0.0,0.0,0.0,0.0,0.0,0.0,0.0,1.0,0.0,0.0,0.0,0.0,127.0,124.2,4.0,4.6,14.0,6.4,3.0,1.6,1.0,0.8,55,False
67008,7.6,54.0,5.0,0.55,2789.0,5,2,4320,1.0,92.0,3010,12,90,0,2.6,5,1.0,0.0,0.0,0.0,0.0,0.0,0.0,0.0,1.0,0.0,0.0,0.0,0.0,0.0,0.0,0.0,0.0,48.0,93.4,0.0,0.0,23.0,25.1,19.0,21.0,1.0,1.6,10,False
272861,18.4,,1078.0,0.5436046511627907,328.0,1442,1442,1440,1015.0,92.0,38049,34,100,0,0,36,0.0,1.0,0.0,0.0,0.0,0.0,0.0,0.0,0.0,0.0,0.0,0.0,1.0,0.0,0.0,0.0,0.0,295.0,143.4,1.0,0.2,0.0,0.0,19.0,18.6,2.0,2.5,44,False
85202,8.6,71.0,11.0,0.55,3635.0,7,4,4320,1.0,92.0,4026,10,100,0,2.3,6,1.0,0.0,0.0,0.0,0.0,0.0,0.0,0.0,1.0,0.0,0.0,0.0,0.0,0.0,0.0,0.0,0.0,65.0,95.6,0.0,0.0,23.0,25.1,23.0,21.8,1.0,1.0,15,True
33384,4.3,106.0,10.0,0.6666666666666666,2152.0,9,7,1440,0.0,370.0,8853,9,81,0,0,11,0.0,1.0,0.0,0.0,0.0,0.0,0.0,0.0,1.0,0.0,0.0,0.0,0.0,0.0,0.0,0.0,0.0,101.0,108.9,0.0,0.0,22.0,17.9,2.0,1.7,0.0,0.0,26,False
83599,6.9,43.0,40.0,0.0,45.0,5762,4333,5760,1.0,471.0,10719,36,85,3,3,22,0.0,1.0,0.0,0.0,0.0,0.0,0.0,0.0,0.0,0.0,0.0,0.0,0.0,0.0,0.0,1.0,0.0,153.0,452.8,0.0,0.0,0.0,0.0,5.0,5.6,4.0,3.9,128,False
35926,5.6,113.0,61.0,0.55,10770.0,17,14,4320,1.0,482.0,7181,33,100,0,3.5,7,0.0,1.0,0.0,0.0,0.0,0.0,0.0,0.0,1.0,0.0,0.0,0.0,0.0,0.0,0.0,0.0,0.0,74.0,47.8,0.0,0.0,23.0,25.1,24.0,28.0,0.0,0.0,18,False
16982,3.0,102.0,62.0,0.6840390879478827,1827.0,1441,45,1440,1.0,374.0,3493,92,44,2,2.7,14,0.0,1.0,0.0,0.0,1.0,0.0,0.0,0.0,0.0,0.0,0.0,0.0,0.0,0.0,0.0,0.0,0.0,59.0,27.8,0.0,0.0,3.0,3.6,17.0,18.6,0.0,0.0,32,True
55861,3.9,122.0,125.0,0.6666666666666666,7336.0,32,32,7,4.0,372.0,18745,19,90,0,0,20,0.0,1.0,0.0,0.0,1.0,0.0,0.0,0.0,0.0,0.0,0.0,0.0,0.0,0.0,0.0,0.0,0.0,47.0,52.2,0.0,0.0,1.0,0.0,1.0,18.0,0.0,0.0,187,False
15371,2.8,149.0,73.0,0.7165354330708661,4273.0,45,42,1,1.0,92.0,5376,20,100,0,0,13,0.0,1.0,0.0,0.0,0.0,0.0,0.0,1.0,0.0,0.0,0.0,0.0,0.0,0.0,0.0,0.0,0.0,79.0,40.0,0.0,0.0,18.0,19.8,1.0,0.7,0.0,0.0,15,True
70045,7.9,158.0,93.0,0.55,16848.0,24,21,4320,1.0,927.0,16022,34,80,0,0,7,0.0,1.0,0.0,0.0,0.0,0.0,0.0,0.0,1.0,0.0,0.0,0.0,0.0,0.0,0.0,0.0,0.0,100.0,52.2,0.0,0.0,15.0,12.9,19.0,18.5,0.0,0.0,5,False
43974,5.0,1.0,199.0,0.0,48.0,37,21,22,1.0,647.0,5271,13,100,6,7,14,0.0,1.0,0.0,0.0,0.0,0.0,0.0,0.0,0.0,0.0,0.0,0.0,0.0,1.0,0.0,0.0,0.0,91.0,88.9,0.0,0.0,3.0,4.0,1.0,2.4,0.0,0.0,18,True
15013,2.6,346.0,235.0,0.47029702970297027,6229.0,38,44,5,3.0,185.0,4672,20,100,0,0,15,0.0,1.0,0.0,0.0,0.0,0.0,0.0,0.0,0.0,0.0,0.0,0.0,1.0,0.0,0.0,0.0,0.0,124.0,117.3,1.0,0.8,5.0,3.0,3.0,2.0,1.0,0.8,6,True
149664,14.5,,124.0,1.0,1140.0,1446,1446,1440,0.0,1213.0,3938,34,89,5,5.8,13,0.0,1.0,0.0,0.0,0.0,0.0,0.0,0.0,0.0,1.0,0.0,0.0,0.0,0.0,0.0,0.0,0.0,157.0,259.9,0.0,0.0,1.0,0.9,12.0,15.2,3.0,6.3,28,True
29556,4.7,39.0,12.0,0.622895622895623,620.0,77783,77774,77760,6.0,741.0,4285,32,100,0,0,39,0.0,1.0,0.0,0.0,1.0,0.0,0.0,0.0,0.0,0.0,0.0,0.0,0.0,0.0,0.0,0.0,0.0,384.0,223.6,1.0,0.3,4.0,0.1,9.0,0.8,2.0,0.9,3,True
34980,4.2,1071.0,856.0,0.28169014084507044,71.0,38,20,4,1.0,185.0,3064,16,100,0,0,12,0.0,1.0,0.0,0.0,0.0,0.0,0.0,0.0,0.0,0.0,0.0,0.0,0.0,1.0,0.0,0.0,0.0,190.0,114.8,1.0,0.8,1.0,0.0,3.0,0.9,1.0,0.8,21,True
8394,2.2,261.0,176.0,0.7338709677419355,5225.0,2,56,1,1.0,371.0,3926,29,99,0,0,17,0.0,1.0,0.0,0.0,1.0,0.0,0.0,0.0,0.0,0.0,0.0,0.0,0.0,0.0,0.0,0.0,0.0,74.0,197.0,0.0,0.0,3.0,2.0,0.0,0.0,1.0,0.5,80,True
89627,8.9,188.0,109.0,0.55,16848.0,28,25,4320,1.0,92.0,7728,15,100,0,0,7,0.0,1.0,0.0,0.0,0.0,0.0,0.0,0.0,1.0,0.0,0.0,0.0,0.0,0.0,0.0,0.0,0.0,115.0,59.4,0.0,0.0,15.0,12.9,19.0,17.6,0.0,0.0,29,True
26768,3.3,53.0,0.0,0.2631578947368421,1678.0,10,0,6,1.0,18.0,3251,19,77,0,5.8,4,1.0,0.0,0.0,0.0,0.0,0.0,0.0,0.0,0.0,0.0,1.0,0.0,0.0,0.0,0.0,0.0,0.0,54.0,49.9,0.0,0.0,52.0,40.8,5.0,1.6,0.0,0.0,13,False
16717,3.0,262.0,184.0,0.0,548.0,62,45,5,0.0,278.0,44509,28,100,1,0.5,16,0.0,1.0,0.0,0.0,0.0,0.0,0.0,0.0,0.0,0.0,1.0,0.0,0.0,0.0,0.0,0.0,0.0,99.0,32.9,0.0,0.0,0.0,0.0,2.0,1.8,0.0,0.0,3,False
14706,3.7,324.0,223.0,0.55,0.0,1,57,4320,1.0,370.0,7164,33,100,0,0,11,0.0,1.0,0.0,0.0,0.0,0.0,0.0,0.0,1.0,0.0,0.0,0.0,0.0,0.0,0.0,0.0,0.0,109.0,126.2,1.0,1.2,3.0,3.6,4.0,3.1,1.0,1.2,18,True
13542,3.1,35.0,14.0,0.55,2015.0,56,0,4,29.0,271.0,3468,27,92,2,6.5,6,1.0,0.0,0.0,0.0,0.0,0.0,0.0,0.0,0.0,0.0,0.0,0.0,0.0,1.0,0.0,0.0,0.0,57.0,89.3,1.0,0.3,10.0,9.0,3.0,3.8,1.0,1.6,339,False
338870,42.4,,2179.0,0.7146464646464646,82.0,1460,79,1440,1.0,1852.0,5930,36,100,0,0,6,0.0,1.0,0.0,0.0,0.0,0.0,0.0,0.0,0.0,0.0,1.0,0.0,0.0,0.0,0.0,0.0,0.0,386.0,348.5,1.0,0.6,1.0,0.1,17.0,3.0,4.0,3.3,21,False
41376,4.2,219.0,117.0,0.2631578947368421,11732.0,35,25,7,1.0,370.0,20191,55,100,0,0,9,0.0,1.0,0.0,0.0,0.0,0.0,0.0,0.0,0.0,0.0,1.0,0.0,0.0,0.0,0.0,0.0,0.0,154.0,39.2,0.0,0.0,28.0,16.4,5.0,1.0,0.0,0.0,13,True
15375,2.0,143.0,80.0,0.46798029556650245,2539.0,31,28,6,3.0,184.0,7572,15,100,0,0,15,0.0,1.0,0.0,0.0,0.0,0.0,0.0,0.0,1.0,0.0,0.0,0.0,0.0,0.0,0.0,0.0,0.0,92.0,31.5,0.0,0.0,9.0,10.1,2.0,1.1,0.0,0.0,28,False
77126,6.1,309.0,211.0,0.6,6066.0,45,3,20,1.0,185.0,6510,15,100,0,0,12,0.0,1.0,0.0,0.0,1.0,0.0,0.0,0.0,0.0,0.0,0.0,0.0,0.0,0.0,0.0,0.0,0.0,187.0,153.3,0.0,0.0,2.0,3.2,4.0,0.2,1.0,1.2,18,False
13152,2.3,96.0,0.0,0.5,797.0,8,1,28,3.0,65.0,8399,21,47,0,2.7,6,1.0,0.0,0.0,0.0,1.0,0.0,0.0,0.0,0.0,0.0,0.0,0.0,0.0,0.0,0.0,0.0,0.0,83.0,37.5,0.0,0.0,9.0,6.4,3.0,4.5,0.0,0.0,83,True
27872,3.4,173.0,36.0,0.5,3020.0,16,8,36,3.0,186.0,3095,7,93,0,5.7,12,0.0,1.0,0.0,0.0,1.0,0.0,0.0,0.0,0.0,0.0,0.0,0.0,0.0,0.0,0.0,0.0,0.0,126.0,74.1,0.0,0.0,5.0,2.0,3.0,4.4,0.0,0.0,15,True
21113,4.8,12.0,1.0,0.5498575498575499,3561.0,4,1,4,0.0,374.0,3227,14,78,0,0,4,0.0,1.0,0.0,0.0,0.0,0.0,0.0,0.0,0.0,0.0,0.0,0.0,1.0,0.0,0.0,0.0,0.0,12.0,16.6,0.0,0.0,2.0,2.6,1.0,1.0,0.0,0.0,9,True
64905,5.6,368.0,276.0,0.6,6089.0,60,18,21,1.0,372.0,3453,16,95,0,0,12,0.0,1.0,0.0,0.0,1.0,0.0,0.0,0.0,0.0,0.0,0.0,0.0,0.0,0.0,0.0,0.0,0.0,179.0,87.8,1.0,0.4,2.0,3.2,8.0,0.9,0.0,0.0,37,False
36047,5.6,98.0,37.0,0.0,8164.0,31,3,21600,36.0,111.0,3422,59,80,3,6.2,12,0.0,1.0,0.0,0.0,0.0,0.0,0.0,0.0,0.0,0.0,0.0,0.0,1.0,0.0,0.0,0.0,0.0,111.0,358.3,0.0,0.0,24.0,13.3,3.0,0.4,1.0,0.9,15,False
548008,94.6,,0.0,0.7777777777777778,253.0,14417,0,14400,1.0,557.0,6225,24,100,0,0,6,1.0,0.0,0.0,0.0,0.0,0.0,0.0,0.0,0.0,0.0,1.0,0.0,0.0,0.0,0.0,0.0,0.0,311.0,92.9,0.0,0.0,1.0,0.0,2.0,7.0,1.0,0.7,4,False
217083,10.4,,725.0,0.26582278481012656,4852.0,33,61,5,2.0,744.0,4194,7,100,0,0,14,0.0,1.0,0.0,0.0,1.0,0.0,0.0,0.0,0.0,0.0,0.0,0.0,0.0,0.0,0.0,0.0,0.0,254.0,331.9,1.0,0.6,0.0,0.0,5.0,0.9,4.0,4.2,59,False
26856,4.9,117.0,70.0,0.0,10385.0,34,6,21600,36.0,185.0,3299,57,81,3,6.7,12,0.0,1.0,0.0,0.0,0.0,0.0,0.0,0.0,0.0,0.0,0.0,0.0,1.0,0.0,0.0,0.0,0.0,105.0,314.5,0.0,0.0,22.0,12.6,2.0,0.3,1.0,0.9,16,False
682624,26.1,,298.0,0.8571428571428571,470.0,14404,7205,14400,1.0,1396.0,38279,6,100,0,0,6,0.0,0.0,1.0,0.0,0.0,0.0,0.0,0.0,0.0,0.0,1.0,0.0,0.0,0.0,0.0,0.0,0.0,225.0,125.5,1.0,0.7,1.0,3.3,158.0,13.6,1.0,0.7,40,False
126343,14.4,,12.0,0.8571428571428571,867.0,7,5,4320,0.0,371.0,3372,27,92,0,0,5,0.0,0.0,1.0,0.0,0.0,0.0,0.0,0.0,1.0,0.0,0.0,0.0,0.0,0.0,0.0,0.0,0.0,96.0,186.4,1.0,0.2,15.0,34.4,28.0,28.7,2.0,2.9,340,False
251790,11.3,,778.0,0.26582278481012656,4841.0,52,22,5,2.0,1856.0,3350,31,100,0,0,14,0.0,1.0,0.0,0.0,1.0,0.0,0.0,0.0,0.0,0.0,0.0,0.0,0.0,0.0,0.0,0.0,0.0,268.0,334.1,1.0,0.6,0.0,0.0,5.0,1.0,4.0,4.2,7,True
15344,2.6,157.0,84.0,0.47572815533980584,6383.0,37,10,1,1.0,111.0,3302,15,63,0,6.5,11,0.0,1.0,0.0,0.0,0.0,0.0,0.0,0.0,0.0,0.0,0.0,0.0,1.0,0.0,0.0,0.0,0.0,100.0,34.1,0.0,0.0,27.0,17.3,10.0,5.7,0.0,0.0,8,True
6702,1.7,184.0,131.0,0.47572815533980584,6584.0,47,19,2,1.0,556.0,19704,53,100,0,0,12,0.0,1.0,0.0,0.0,0.0,0.0,0.0,0.0,0.0,0.0,0.0,0.0,1.0,0.0,0.0,0.0,0.0,79.0,50.4,0.0,0.0,19.0,11.0,1.0,1.6,0.0,0.0,14,False
13234,3.8,76.0,22.0,0.7160804020100503,2016.0,49,40,2,0.0,18.0,4042,34,100,0,0,9,0.0,1.0,0.0,0.0,0.0,0.0,0.0,0.0,0.0,0.0,0.0,0.0,1.0,0.0,0.0,0.0,0.0,52.0,34.4,0.0,0.0,0.0,0.0,0.0,0.0,0.0,0.0,6,False
129151,14.7,,56.0,0.8571428571428571,867.0,9,8,4320,0.0,556.0,6569,13,96,0,0,5,0.0,0.0,1.0,0.0,0.0,0.0,0.0,0.0,1.0,0.0,0.0,0.0,0.0,0.0,0.0,0.0,0.0,138.0,431.8,1.0,0.2,9.0,19.7,12.0,9.4,4.0,6.4,27,False
14802,3.5,6.0,0.0,0.5482954545454546,1574.0,3,1,5,0.0,185.0,17162,7,79,0,0,4,0.0,1.0,0.0,0.0,0.0,0.0,0.0,0.0,0.0,0.0,0.0,0.0,1.0,0.0,0.0,0.0,0.0,6.0,2.6,0.0,0.0,2.0,1.7,1.0,0.2,0.0,0.0,47,True
343353,32.2,,73.0,0.0,0.0,2902,9,2880,0.0,1852.0,13916,22,100,0,0,3,0.0,1.0,0.0,0.0,0.0,0.0,0.0,0.0,0.0,0.0,1.0,0.0,0.0,0.0,0.0,0.0,0.0,230.0,239.6,1.0,13.5,0.0,0.0,19.0,12.6,2.0,3.9,8,False
14033,2.5,307.0,188.0,0.5,6330.0,46,38,1,3.0,55.0,19616,76,100,0,0,14,0.0,1.0,0.0,0.0,1.0,0.0,0.0,0.0,0.0,0.0,0.0,0.0,0.0,0.0,0.0,0.0,0.0,114.0,84.1,0.0,0.0,2.0,0.8,3.0,6.2,0.0,0.0,29,False
54642,9.7,388.0,209.0,0.8571428571428571,211.0,23,22,4320,0.0,92.0,12408,12,100,0,0,8,0.0,0.0,1.0,0.0,0.0,0.0,0.0,0.0,1.0,0.0,0.0,0.0,0.0,0.0,0.0,0.0,0.0,162.0,474.3,1.0,0.7,7.0,14.3,2.0,0.9,5.0,7.1,3,False
56137,5.0,187.0,120.0,0.45021645021645024,1588.0,46,16,5,4.0,463.0,3013,13,93,0,0,15,0.0,1.0,0.0,0.0,1.0,0.0,0.0,0.0,0.0,0.0,0.0,0.0,0.0,0.0,0.0,0.0,0.0,93.0,60.0,0.0,0.0,1.0,1.8,3.0,5.5,0.0,0.0,29,False
3026,1.2,6.0,0.0,0.47342995169082125,854.0,6,1,1,1.0,55.0,3285,56,75,19,18.7,4,1.0,0.0,0.0,0.0,1.0,0.0,0.0,0.0,0.0,0.0,0.0,0.0,0.0,0.0,0.0,0.0,0.0,7.0,3.0,0.0,0.0,4.0,6.3,0.0,0.0,0.0,0.0,16,False
74710,10.5,6.0,1.0,0.543661971830986,0.0,7208,1,7200,1.0,556.0,3140,5,100,0,0,4,1.0,0.0,0.0,0.0,0.0,0.0,0.0,0.0,0.0,0.0,1.0,0.0,0.0,0.0,0.0,0.0,0.0,17.0,19.7,0.0,0.0,2.0,1.1,4.0,61.5,0.0,0.0,4,True
3172,1.2,7.0,2.0,0.7857142857142857,169.0,23,16,2,5.0,54.0,3351,32,96,1,6.5,16,0.0,1.0,0.0,0.0,1.0,0.0,0.0,0.0,0.0,0.0,0.0,0.0,0.0,0.0,0.0,0.0,0.0,12.0,0.6,0.0,0.0,0.0,0.0,3.0,6.0,0.0,0.0,122,False
2725,1.1,7.0,2.0,0.7857142857142857,904.0,23,16,2,5.0,54.0,3363,32,96,1,6.2,16,0.0,1.0,0.0,0.0,1.0,0.0,0.0,0.0,0.0,0.0,0.0,0.0,0.0,0.0,0.0,0.0,0.0,12.0,0.6,0.0,0.0,0.0,0.0,3.0,6.0,0.0,0.0,122,False
6487,1.7,350.0,240.0,0.5,6327.0,33,26,1,4.0,185.0,3658,29,100,0,0,15,0.0,1.0,0.0,0.0,1.0,0.0,0.0,0.0,0.0,0.0,0.0,0.0,0.0,0.0,0.0,0.0,0.0,87.0,59.4,0.0,0.0,1.0,0.4,1.0,0.3,0.0,0.0,60,False
466976,69.9,,91.0,0.0,929.0,49,9,1440,8.0,185.0,4334,26,92,0,10,21,1.0,0.0,0.0,0.0,0.0,0.0,0.0,0.0,0.0,0.0,1.0,0.0,0.0,0.0,0.0,0.0,0.0,349.0,391.9,0.0,0.0,14.0,2.9,27.0,9.8,3.0,1.5,12,False
19007,2.9,59.0,8.0,0.5743589743589743,2230.0,5,2,6,1.0,370.0,5773,45,95,0,6.6,4,1.0,0.0,0.0,0.0,0.0,0.0,0.0,1.0,0.0,0.0,0.0,0.0,0.0,0.0,0.0,0.0,0.0,54.0,52.8,0.0,0.0,33.0,43.4,0.0,0.0,0.0,0.0,37,False
100672,12.3,,88.0,0.543661971830986,0.0,7209,24,7200,1.0,928.0,5905,11,100,0,0,4,1.0,0.0,0.0,0.0,0.0,0.0,0.0,0.0,0.0,0.0,1.0,0.0,0.0,0.0,0.0,0.0,0.0,156.0,150.7,1.0,0.6,1.0,0.4,13.0,30.6,1.0,0.6,9,True
298338,56.5,,478.0,0.0,747.0,1440,20,1440,8.0,644.0,19693,3,100,0,0,26,0.0,1.0,0.0,0.0,0.0,0.0,0.0,0.0,0.0,0.0,1.0,0.0,0.0,0.0,0.0,0.0,0.0,335.0,290.4,0.0,0.0,6.0,1.3,26.0,9.1,1.0,0.7,22,False
67709,14.5,135.0,102.0,0.65,13.0,538571,538570,538560,1.0,552.0,11941,18,100,0,0,113,0.0,1.0,0.0,0.0,1.0,0.0,0.0,0.0,0.0,0.0,0.0,0.0,0.0,0.0,0.0,0.0,0.0,181.0,679.8,0.0,0.0,0.0,0.0,7.0,1.9,5.0,5.2,15,False
10493,2.3,67.0,24.0,0.5,1224.0,2,20,1,3.0,196.0,5020,14,100,5,9.4,11,0.0,1.0,0.0,0.0,1.0,0.0,0.0,0.0,0.0,0.0,0.0,0.0,0.0,0.0,0.0,0.0,0.0,44.0,16.6,0.0,0.0,9.0,15.1,2.0,1.0,0.0,0.0,7,False
129127,8.1,,824.0,0.26582278481012656,4838.0,17,46,6,2.0,185.0,19666,3,100,0,0,14,0.0,1.0,0.0,0.0,1.0,0.0,0.0,0.0,0.0,0.0,0.0,0.0,0.0,0.0,0.0,0.0,0.0,258.0,328.6,1.0,0.6,0.0,0.0,5.0,1.0,4.0,3.2,22,True
53220,5.3,1208.0,942.0,0.26582278481012656,4803.0,36,64,8,2.0,184.0,6072,37,94,0,0,14,0.0,1.0,0.0,0.0,1.0,0.0,0.0,0.0,0.0,0.0,0.0,0.0,0.0,0.0,0.0,0.0,0.0,235.0,306.4,1.0,0.6,0.0,0.0,5.0,1.4,2.0,1.4,16,False
190757,8.9,,83.0,0.686084142394822,0.0,1450,1449,1440,1.0,372.0,6087,54,100,0,0,14,0.0,1.0,0.0,0.0,0.0,0.0,0.0,0.0,0.0,0.0,0.0,0.0,1.0,0.0,0.0,0.0,0.0,75.0,23.3,0.0,0.0,2.0,1.7,11.0,5.2,0.0,0.0,3,False
21250,4.5,62.0,17.0,0.0,347.0,2881,27,2880,1.0,423.0,4429,22,100,0,45.4,13,1.0,0.0,0.0,0.0,1.0,0.0,0.0,0.0,0.0,0.0,0.0,0.0,0.0,0.0,0.0,0.0,0.0,56.0,29.7,0.0,0.0,7.0,9.1,5.0,10.3,0.0,0.0,32,True
22614,3.4,1181.0,968.0,0.26582278481012656,70.0,55,37,15,1.0,202.0,4802,15,100,0,0,12,0.0,1.0,0.0,0.0,0.0,0.0,0.0,0.0,0.0,0.0,0.0,0.0,0.0,1.0,0.0,0.0,0.0,166.0,114.1,1.0,0.8,1.0,0.0,5.0,5.5,1.0,0.8,6,False
72487,5.3,4.0,0.0,1.0,1706.0,3,0,8,0.0,36.0,5016,5,33,0,89.8,9,1.0,0.0,0.0,0.0,1.0,0.0,0.0,0.0,0.0,0.0,0.0,0.0,0.0,0.0,0.0,0.0,0.0,4.0,5.4,0.0,0.0,1.0,0.3,0.0,0.0,0.0,0.0,3,True
43709,5.7,139.0,151.0,0.5,355.0,4332,4329,538560,6.0,22.0,3380,29,100,0,0,1119,0.0,1.0,0.0,0.0,0.0,0.0,0.0,0.0,0.0,0.0,1.0,0.0,0.0,0.0,0.0,0.0,0.0,404.0,168.7,1.0,0.4,0.0,0.0,11.0,1.3,1.0,0.4,5,False
25670,3.7,113.0,100.0,0.686084142394822,1139.0,1453,1442,1440,1.0,337.0,19306,52,100,2,3.7,18,0.0,1.0,0.0,0.0,1.0,0.0,0.0,0.0,0.0,0.0,0.0,0.0,0.0,0.0,0.0,0.0,0.0,70.0,40.8,0.0,0.0,2.0,2.5,13.0,15.4,0.0,0.0,15,False
43862,4.2,286.0,206.0,0.44731182795698926,7027.0,31,20,1,2.0,221.0,13443,24,100,0,3,15,0.0,1.0,0.0,0.0,1.0,0.0,0.0,0.0,0.0,0.0,0.0,0.0,0.0,0.0,0.0,0.0,0.0,144.0,32.6,0.0,0.0,12.0,4.8,3.0,0.6,0.0,0.0,29,True
28776,5.2,10.0,3.0,0.6666666666666666,0.0,574574,574573,574560,1.0,184.0,4761,24,100,0,0,26,0.0,0.0,1.0,0.0,0.0,0.0,0.0,1.0,0.0,0.0,0.0,0.0,0.0,0.0,0.0,0.0,0.0,91.0,68.1,0.0,0.0,0.0,0.0,5.0,0.1,1.0,0.2,10,False
236019,62.5,,218.0,0.7777777777777778,250.0,14417,28,14400,1.0,370.0,3408,15,100,0,0,7,0.0,1.0,0.0,0.0,0.0,0.0,0.0,0.0,0.0,0.0,1.0,0.0,0.0,0.0,0.0,0.0,0.0,242.0,103.9,1.0,0.6,0.0,0.0,4.0,4.0,1.0,0.6,8,False
113824,7.7,,530.0,1.0,268.0,64,53,15,4.0,924.0,3763,34,100,1,1.3,19,0.0,1.0,0.0,0.0,1.0,0.0,0.0,0.0,0.0,0.0,0.0,0.0,0.0,0.0,0.0,0.0,0.0,220.0,100.9,8.0,8.8,0.0,0.0,12.0,14.3,1.0,1.9,14,True
60377,5.4,582.0,454.0,0.6,6027.0,39,55,23,1.0,732.0,7985,22,100,0,0,12,0.0,1.0,0.0,0.0,1.0,0.0,0.0,0.0,0.0,0.0,0.0,0.0,0.0,0.0,0.0,0.0,0.0,171.0,38.7,1.0,0.4,2.0,3.2,4.0,0.4,0.0,0.0,18,False
2220,1.1,16.0,28.0,0.7857142857142857,665.0,10,0,21,0.0,77.0,8969,22,92,1.0000000000000009,1.7144852439327174,4,1.0,0.0,0.0,0.0,0.0,0.0,0.0,0.0,0.0,0.0,0.0,0.0,0.0,1.0,0.0,0.0,0.0,1.0,0.4,0.0,0.0,2.0,6.5,0.0,0.0,0.0,0.0,13,True
83625,6.6,1217.0,981.0,0.26582278481012656,70.0,73,54,15,1.0,554.0,4622,32,94,0,0,12,0.0,1.0,0.0,0.0,0.0,0.0,0.0,0.0,0.0,0.0,0.0,0.0,0.0,1.0,0.0,0.0,0.0,183.0,132.6,1.0,0.8,1.0,0.0,6.0,6.0,1.0,0.8,16,True
12864,4.1,10.0,7.0,0.5421348314606742,511.0,11527,19,11520,27.0,184.0,16290,18,79,0,0,41,0.0,1.0,0.0,0.0,1.0,0.0,0.0,0.0,0.0,0.0,0.0,0.0,0.0,0.0,0.0,0.0,0.0,30.0,1.7,0.0,0.0,0.0,0.0,12.0,21.2,1.0,0.0,52,True
227004,10.9,,554.0,1.0,268.0,21,69,15,4.0,184.0,4695,34,94,1,1.4,19,0.0,1.0,0.0,0.0,1.0,0.0,0.0,0.0,0.0,0.0,0.0,0.0,0.0,0.0,0.0,0.0,0.0,246.0,108.3,8.0,8.8,0.0,0.0,13.0,14.4,1.0,1.9,83,True
31357,4.1,1249.0,1010.0,0.26582278481012656,70.0,31,71,16,1.0,366.0,7922,22,100,0,0,12,0.0,1.0,0.0,0.0,0.0,0.0,0.0,0.0,0.0,0.0,0.0,0.0,0.0,1.0,0.0,0.0,0.0,180.0,121.3,1.0,0.8,1.0,0.0,6.0,6.0,1.0,0.8,18,False
453830,15.6,,602.0,1.0,268.0,29,18,15,4.0,923.0,4079,32,100,1,1,19,0.0,1.0,0.0,0.0,1.0,0.0,0.0,0.0,0.0,0.0,0.0,0.0,0.0,0.0,0.0,0.0,0.0,291.0,105.6,8.0,8.8,0.0,0.0,13.0,14.4,1.0,1.9,14,False
7676,2.3,13.0,1.0,0.875,850.0,6,3,7,0.0,369.0,3004,16,38,0,0,3,1.0,0.0,0.0,0.0,0.0,0.0,0.0,0.0,0.0,0.0,0.0,0.0,1.0,0.0,0.0,0.0,0.0,12.0,5.7,0.0,0.0,3.0,0.2,0.0,0.0,1.0,0.0,45,False
64064,9.2,101.0,47.0,0.5421348314606742,494.0,11527,59,11520,27.0,184.0,3752,16,97,0,0,43,0.0,1.0,0.0,0.0,1.0,0.0,0.0,0.0,0.0,0.0,0.0,0.0,0.0,0.0,0.0,0.0,0.0,84.0,92.2,1.0,0.0,0.0,0.0,13.0,21.2,1.0,2.5,78,False
61417,5.4,448.0,299.0,0.44731182795698926,1115.0,51,21,8,4.0,368.0,3619,29,100,0,0,16,0.0,1.0,0.0,0.0,1.0,0.0,0.0,0.0,0.0,0.0,0.0,0.0,0.0,0.0,0.0,0.0,0.0,169.0,53.2,0.0,0.0,0.0,0.0,2.0,1.4,0.0,0.0,61,False
314257,23.8,,218.0,0.0,19.0,62,52,1440,6.0,556.0,3307,13,100,3,3,43,0.0,1.0,0.0,0.0,0.0,0.0,0.0,0.0,0.0,0.0,0.0,0.0,1.0,0.0,0.0,0.0,0.0,145.0,105.3,2.0,1.9,1.0,1.0,13.0,9.6,1.0,1.0,4,False
16895,2.8,36.0,0.0,0.23076923076923078,546.0,47,0,20,0.0,110.0,20879,58,58,20,23.8,5,1.0,0.0,0.0,0.0,0.0,0.0,0.0,0.0,0.0,0.0,1.0,0.0,0.0,0.0,0.0,0.0,0.0,40.0,52.7,3.0,3.8,32.0,36.7,0.0,0.0,1.0,1.6,91,False
351500,13.8,,680.0,1.0,268.0,38,27,15,4.0,922.0,3149,31,100,1,1,19,0.0,1.0,0.0,0.0,1.0,0.0,0.0,0.0,0.0,0.0,0.0,0.0,0.0,0.0,0.0,0.0,0.0,358.0,93.0,9.0,9.0,0.0,0.0,13.0,12.8,1.0,1.9,14,False
70752,6.4,422.0,284.0,0.7265625,0.0,49,44,16,1.0,1291.0,7175,30,100,0,0,20,0.0,1.0,0.0,0.0,1.0,0.0,0.0,0.0,0.0,0.0,0.0,0.0,0.0,0.0,0.0,0.0,0.0,145.0,133.8,0.0,0.0,1.0,0.7,1.0,0.6,0.0,0.0,12,True
46241,7.3,388.0,266.0,0.8571428571428571,0.0,57,56,16,0.0,553.0,14918,17,81,0,0,5,0.0,0.0,1.0,0.0,1.0,0.0,0.0,0.0,0.0,0.0,0.0,0.0,0.0,0.0,0.0,0.0,0.0,98.0,261.7,1.0,0.8,1.0,2.0,3.0,2.5,3.0,5.4,27,True
195084,45.8,,628.0,0.0,748.0,1441,52,2880,8.0,184.0,8175,17,94,0,0,26,0.0,1.0,0.0,0.0,0.0,0.0,0.0,0.0,0.0,0.0,1.0,0.0,0.0,0.0,0.0,0.0,0.0,262.0,239.4,0.0,0.0,4.0,0.2,18.0,6.3,1.0,0.7,16,False
7560,2.0,28.0,5.0,0.7402912621359223,1674.0,18,14,6,0.0,36.0,4922,6,20,0,0,5,0.0,1.0,0.0,0.0,1.0,0.0,0.0,0.0,0.0,0.0,0.0,0.0,0.0,0.0,0.0,0.0,0.0,25.0,24.2,0.0,0.0,0.0,0.0,6.0,19.1,1.0,0.0,5,True
46497,6.1,180.0,140.0,0.6666666666666666,665.0,29,23,41,0.0,183.0,9455,36,68,2,2.1,5,1.0,0.0,0.0,0.0,0.0,0.0,0.0,0.0,0.0,0.0,1.0,0.0,0.0,0.0,0.0,0.0,0.0,115.0,308.1,0.0,0.0,1.0,0.6,3.0,1.6,4.0,3.5,104,False
49382,7.1,238.0,234.0,0.6666666666666666,434.0,53,46,1,0.0,636.0,4063,23,64,0,0,16,1.0,0.0,0.0,0.0,0.0,0.0,0.0,0.0,0.0,0.0,1.0,0.0,0.0,0.0,0.0,0.0,0.0,107.0,243.7,0.0,0.0,1.0,0.6,3.0,1.6,2.0,1.7,180,False
99807,7.3,1300.0,1032.0,0.2625,69.0,23,64,17,1.0,363.0,5602,30,100,0,0,12,0.0,1.0,0.0,0.0,0.0,0.0,0.0,0.0,0.0,0.0,0.0,0.0,0.0,1.0,0.0,0.0,0.0,202.0,127.2,1.0,0.8,1.0,0.0,6.0,6.0,1.0,0.8,7,False
7712,2.5,20.0,0.0,0.0,669.0,47,0,18,0.0,154.0,18807,68,86,30,36.9,4,1.0,0.0,0.0,0.0,0.0,0.0,0.0,0.0,0.0,0.0,0.0,0.0,1.0,0.0,0.0,0.0,0.0,28.0,35.3,0.0,0.0,20.0,21.7,2.0,2.5,0.0,0.0,42,True
7712,2.5,26.0,0.0,0.0,669.0,47,0,18,0.0,254.0,3418,23,64,30,36.9,4,1.0,0.0,0.0,0.0,0.0,0.0,0.0,0.0,0.0,0.0,0.0,0.0,1.0,0.0,0.0,0.0,0.0,28.0,35.3,0.0,0.0,20.0,21.7,2.0,2.5,0.0,0.0,180,True
44596,4.3,79.0,44.0,0.6,150.0,38,78,20,0.0,408.0,9733,18,100,3,5.4,14,1.0,0.0,0.0,0.0,0.0,0.0,0.0,1.0,0.0,0.0,0.0,0.0,0.0,0.0,0.0,0.0,0.0,37.0,59.9,0.0,0.0,0.0,0.0,2.0,3.9,0.0,0.0,28,False
18591,3.5,11.0,6.0,0.686084142394822,95.0,21602,21601,21600,7.0,181.0,4744,23,92,4,6.5,25,0.0,1.0,0.0,0.0,0.0,0.0,0.0,0.0,0.0,0.0,1.0,0.0,0.0,0.0,0.0,0.0,0.0,60.0,275.3,0.0,0.0,4.0,4.1,1.0,0.5,1.0,0.5,13,False
137455,8.6,,1037.0,0.2625,69.0,30,71,17,1.0,364.0,3999,15,100,0,0,12,0.0,1.0,0.0,0.0,0.0,0.0,0.0,0.0,0.0,0.0,0.0,0.0,0.0,1.0,0.0,0.0,0.0,214.0,127.6,1.0,0.8,1.0,0.0,6.0,6.0,1.0,0.8,9,False
12213,2.6,46.0,17.0,0.0,905.0,29,27,48,0.0,90.0,7978,16,93,0,0,7,0.0,1.0,0.0,0.0,0.0,0.0,0.0,0.0,1.0,0.0,0.0,0.0,0.0,0.0,0.0,0.0,0.0,28.0,589.0,0.0,0.0,0.0,0.0,0.0,0.0,2.0,2.2,44,False
36808,4.1,87.0,36.0,0.23076923076923078,3995.0,52,6,20,1.0,369.0,5351,13,100,20,25.8,12,1.0,0.0,0.0,0.0,0.0,0.0,0.0,0.0,0.0,0.0,1.0,0.0,0.0,0.0,0.0,0.0,0.0,70.0,63.0,1.0,1.2,19.0,17.7,0.0,0.0,0.0,0.0,4,True
14053,2.4,409.0,424.0,0.44731182795698926,279.0,12,60,3,2.0,91.0,3031,10,90,0,3.1,16,0.0,1.0,0.0,0.0,1.0,0.0,0.0,0.0,0.0,0.0,0.0,0.0,0.0,0.0,0.0,0.0,0.0,124.0,35.0,0.0,0.0,9.0,2.4,1.0,0.0,0.0,0.0,98,False
41492,8.6,584.0,421.0,0.8571428571428571,207.0,59,58,4320,0.0,364.0,6671,37,74,0,0,8,0.0,0.0,1.0,0.0,0.0,0.0,0.0,0.0,1.0,0.0,0.0,0.0,0.0,0.0,0.0,0.0,0.0,104.0,360.0,1.0,0.7,0.0,0.0,4.0,2.5,3.0,4.2,392,False
4819,1.6,20.0,0.0,0.7857142857142857,653.0,3,2,1,0.0,54.0,10281,36,85,15,48,3,1.0,0.0,0.0,0.0,1.0,0.0,0.0,0.0,0.0,0.0,0.0,0.0,0.0,0.0,0.0,0.0,0.0,20.0,39.0,0.0,0.0,12.0,20.2,0.0,0.0,0.0,0.0,125,False
234576,26.7,,59.0,0.6363636363636364,0.0,17282,12982,44640,1.0,1310.0,6373,15,100,0,0,38,0.0,1.0,0.0,0.0,0.0,0.0,0.0,0.0,0.0,0.0,1.0,0.0,0.0,0.0,0.0,0.0,0.0,280.0,35.0,1.0,0.3,0.0,0.0,13.0,9.9,0.0,0.0,4,False
36594,8.1,591.0,425.0,0.8571428571428571,207.0,60,59,4320,0.0,91.0,10383,37,85,0,0,8,0.0,0.0,1.0,0.0,0.0,0.0,0.0,0.0,1.0,0.0,0.0,0.0,0.0,0.0,0.0,0.0,0.0,112.0,362.3,1.0,0.7,0.0,0.0,4.0,2.5,3.0,4.2,124,True
15941,2.1,19.0,0.0,0.8333333333333334,1713.0,15,0,9,7.0,109.0,19967,56,59,30,61.7,11,1.0,0.0,0.0,0.0,1.0,0.0,0.0,0.0,0.0,0.0,0.0,0.0,0.0,0.0,0.0,0.0,0.0,7.0,1.1,0.0,0.0,18.0,18.3,1.0,1.0,0.0,0.0,96,False
11447,3.3,25.0,0.0,0.6838709677419355,723.0,42,0,7,0.0,145.0,3053,22,64,20,53.2,5,1.0,0.0,0.0,0.0,0.0,0.0,0.0,0.0,0.0,0.0,0.0,0.0,0.0,0.0,0.0,0.0,1.0,27.0,14.6,0.0,0.0,22.0,25.4,0.0,0.0,0.0,0.0,182,True
40589,4.7,57.0,4.0,0.0,3724.0,22,11,43,1.0,109.0,3196,22,65,15,25.5,6,1.0,0.0,0.0,0.0,0.0,0.0,0.0,1.0,0.0,0.0,0.0,0.0,0.0,0.0,0.0,0.0,0.0,39.0,55.6,0.0,0.0,3.0,2.4,0.0,0.0,0.0,0.0,184,True
32745,4.4,27.0,0.0,0.6,2336.0,13,0,15,2.0,109.0,19588,55,61,0,3.9,5,1.0,0.0,0.0,0.0,0.0,0.0,0.0,0.0,1.0,0.0,0.0,0.0,0.0,0.0,0.0,0.0,0.0,30.0,35.9,0.0,0.0,27.0,32.0,1.0,1.0,0.0,0.0,99,False
14038,2.8,39.0,0.0,0.5247524752475248,361.0,3,0,725760,0.0,565.0,51277,31,90,24,31.8,32,1.0,0.0,0.0,0.0,1.0,0.0,0.0,0.0,0.0,0.0,0.0,0.0,0.0,0.0,0.0,0.0,0.0,39.0,76.1,0.0,0.0,34.0,37.1,0.0,0.0,1.0,2.3,30,True
31260,4.3,104.0,38.0,0.6,4436.0,17,4,19,2.0,546.0,3794,28,100,0,3.8,6,1.0,0.0,0.0,0.0,0.0,0.0,0.0,0.0,1.0,0.0,0.0,0.0,0.0,0.0,0.0,0.0,0.0,84.0,52.4,0.0,0.0,14.0,16.1,1.0,1.0,0.0,0.0,26,True
18833,3.2,68.0,10.0,0.5247524752475248,1611.0,7,3,725760,0.0,91.0,10664,37,84,24,32.9,32,1.0,0.0,0.0,0.0,1.0,0.0,0.0,0.0,0.0,0.0,0.0,0.0,0.0,0.0,0.0,0.0,0.0,61.0,92.5,0.0,0.0,32.0,32.5,0.0,0.0,1.0,2.3,127,False
118712,5.7,,14.0,0.8333333333333334,6184.0,47,31,9,8.0,218.0,4546,20,100,2,29.9,15,1.0,0.0,0.0,0.0,1.0,0.0,0.0,0.0,0.0,0.0,0.0,0.0,0.0,0.0,0.0,0.0,0.0,80.0,112.1,0.0,0.0,13.0,12.3,4.0,1.3,2.0,1.3,13,True
6891,1.6,6.0,0.0,0.21052631578947367,0.0,51858,51858,51840,0.0,182.0,5527,19,83,0,0,12,0.0,1.0,0.0,0.0,1.0,0.0,0.0,0.0,0.0,0.0,0.0,0.0,0.0,0.0,0.0,0.0,0.0,24.0,16.9,0.0,0.0,1.0,1.4,0.0,0.0,0.0,0.0,6,True
430797,28.4,,600.0,0.8571428571428571,207.0,24,23,4320,0.0,1001.0,3334,24,92,0,0,8,0.0,0.0,1.0,0.0,0.0,0.0,0.0,0.0,1.0,0.0,0.0,0.0,0.0,0.0,0.0,0.0,0.0,252.0,392.9,1.0,0.7,0.0,0.0,4.0,2.5,3.0,4.2,48,False
267452,22.9,,835.0,0.8571428571428571,207.0,57,56,4320,0.0,364.0,4389,11,95,0,0,8,0.0,0.0,1.0,0.0,0.0,0.0,0.0,0.0,1.0,0.0,0.0,0.0,0.0,0.0,0.0,0.0,0.0,292.0,1021.8,1.0,0.7,0.0,0.0,3.0,2.3,5.0,5.8,37,False
114113,8.0,,8.0,0.0,4080.0,35,25,57,1.0,182.0,5641,23,100,15,33.3,6,1.0,0.0,0.0,0.0,0.0,0.0,0.0,1.0,0.0,0.0,0.0,0.0,0.0,0.0,0.0,0.0,0.0,61.0,105.5,0.0,0.0,3.0,2.4,2.0,0.5,0.0,0.0,3,False
52002,9.3,54.0,4.0,0.0,753.0,11,1,11,0.0,91.0,3131,5,100,0,19.9,4,1.0,0.0,0.0,0.0,1.0,0.0,0.0,0.0,0.0,0.0,0.0,0.0,0.0,0.0,0.0,0.0,0.0,61.0,85.8,0.0,0.0,3.0,31.8,1.0,2.5,1.0,2.3,5,False
34650,4.4,114.0,39.0,0.5247524752475248,2751.0,13,10,725760,0.0,364.0,6722,21,92,1,16.6,39,0.0,1.0,0.0,0.0,1.0,0.0,0.0,0.0,0.0,0.0,0.0,0.0,0.0,0.0,0.0,0.0,0.0,71.0,63.8,0.0,0.0,28.0,38.2,0.0,0.0,0.0,0.0,106,True
8020,2.1,51.0,9.0,0.6666666666666666,858.0,24,18,29,0.0,91.0,10568,38,84,5,4.8,11,1.0,0.0,0.0,0.0,0.0,0.0,0.0,0.0,0.0,0.0,0.0,0.0,1.0,0.0,0.0,0.0,0.0,45.0,204.0,0.0,0.0,1.0,0.3,0.0,0.0,2.0,9.1,127,True
4275,1.5,13.0,0.0,0.9230769230769231,291.0,13,0,652320,0.0,91.0,7296,38,74,15,29.5,103,1.0,0.0,0.0,0.0,0.0,0.0,0.0,1.0,0.0,0.0,0.0,0.0,0.0,0.0,0.0,0.0,0.0,14.0,14.4,0.0,0.0,10.0,14.4,0.0,0.0,0.0,0.0,393,True
24698,5.8,178.0,116.0,0.5406162464985994,30.0,11529,49,11520,27.0,364.0,11407,41,91,0,0,44,0.0,1.0,0.0,0.0,1.0,0.0,0.0,0.0,0.0,0.0,0.0,0.0,0.0,0.0,0.0,0.0,0.0,65.0,15.9,0.0,0.0,0.0,0.0,11.0,20.4,0.0,0.0,34,True
62843,6.1,272.0,156.0,0.6,14016.0,37,24,39,2.0,182.0,68848,18,100,0,3.2,9,0.0,1.0,0.0,0.0,0.0,0.0,0.0,0.0,1.0,0.0,0.0,0.0,0.0,0.0,0.0,0.0,0.0,208.0,40.4,0.0,0.0,4.0,4.7,2.0,1.2,0.0,0.0,7,True
11286,2.2,28.0,4.0,0.44635193133047213,773.0,35,32,1,1.0,182.0,8370,12,88,0,3,10,0.0,1.0,0.0,0.0,0.0,0.0,0.0,0.0,0.0,0.0,0.0,0.0,1.0,0.0,0.0,0.0,0.0,24.0,12.5,0.0,0.0,5.0,7.6,0.0,0.0,0.0,0.0,26,False
149286,9.5,,239.0,0.6,13101.0,56,43,58,2.0,91.0,3040,10,90,0,0,10,0.0,1.0,0.0,0.0,0.0,0.0,0.0,0.0,1.0,0.0,0.0,0.0,0.0,0.0,0.0,0.0,0.0,251.0,63.4,0.0,0.0,4.0,3.9,2.0,1.2,0.0,0.0,97,False
100799,7.8,,793.0,0.0,27.0,31,16,1440,1.0,528.0,5802,14,100,6,5.7,15,0.0,1.0,0.0,0.0,0.0,0.0,0.0,0.0,0.0,0.0,0.0,0.0,0.0,1.0,0.0,0.0,0.0,183.0,29.9,0.0,0.0,2.0,0.6,3.0,0.9,0.0,0.0,20,True
28393,5.8,479.0,342.0,0.8571428571428571,0.0,26,25,18,0.0,182.0,3667,34,90,0,0,5,0.0,0.0,1.0,0.0,1.0,0.0,0.0,0.0,0.0,0.0,0.0,0.0,0.0,0.0,0.0,0.0,0.0,102.0,247.3,1.0,0.8,1.0,2.0,2.0,1.9,3.0,5.9,31,True
52546,5.4,155.0,55.0,0.5247524752475248,2751.0,22,19,725760,0.0,91.0,3716,16,97,1,1,39,0.0,1.0,0.0,0.0,1.0,0.0,0.0,0.0,0.0,0.0,0.0,0.0,0.0,0.0,0.0,0.0,0.0,97.0,85.3,0.0,0.0,25.0,30.3,0.0,0.0,0.0,0.0,77,True
128297,8.9,,363.0,0.6,13103.0,20,7,1,3.0,109.0,3040,10,90,0,0,12,0.0,1.0,0.0,0.0,0.0,0.0,0.0,0.0,1.0,0.0,0.0,0.0,0.0,0.0,0.0,0.0,0.0,290.0,47.5,1.0,0.3,3.0,3.1,7.0,5.0,0.0,0.0,98,False
217143,11.0,,924.0,1.0,264.0,24,72,17,4.0,2186.0,15442,37,100,1,1.3,19,0.0,1.0,0.0,0.0,1.0,0.0,0.0,0.0,0.0,0.0,0.0,0.0,0.0,0.0,0.0,0.0,0.0,388.0,100.4,9.0,9.0,0.0,0.0,9.0,7.6,1.0,1.9,3,True
43710,8.6,199.0,88.0,0.0,724.0,55,45,12,0.0,91.0,4481,28,100,0,15.9,7,1.0,0.0,0.0,0.0,1.0,0.0,0.0,0.0,0.0,0.0,0.0,0.0,0.0,0.0,0.0,0.0,0.0,122.0,43.2,0.0,0.0,0.0,0.0,2.0,0.7,0.0,0.0,13,False
2991,1.3,9.0,0.0,0.7857142857142857,705.0,13,0,55,0.0,109.0,19423,56,59,25,47.4,4,1.0,0.0,0.0,0.0,0.0,0.0,0.0,0.0,0.0,0.0,0.0,0.0,1.0,0.0,0.0,0.0,0.0,10.0,12.4,2.0,3.0,9.0,12.7,2.0,3.0,0.0,0.0,101,False
6863,1.8,22.0,0.0,0.7153846153846154,3510.0,15,1,1440,0.0,109.0,19334,56,60,0,0,4,1.0,0.0,0.0,0.0,0.0,0.0,0.0,0.0,0.0,0.0,1.0,0.0,0.0,0.0,0.0,0.0,0.0,25.0,72.4,0.0,0.0,8.0,13.6,1.0,1.0,1.0,1.9,102,False
199367,19.8,,869.0,0.8571428571428571,207.0,62,61,4320,0.0,546.0,4142,7,100,0,0,8,0.0,0.0,1.0,0.0,0.0,0.0,0.0,0.0,1.0,0.0,0.0,0.0,0.0,0.0,0.0,0.0,0.0,282.0,402.2,1.0,0.7,0.0,0.0,4.0,2.4,3.0,4.2,60,False
26116,3.6,108.0,19.0,0.7153846153846154,3512.0,17,3,1440,0.0,182.0,10898,45,93,0,0,4,1.0,0.0,0.0,0.0,0.0,0.0,0.0,0.0,0.0,0.0,1.0,0.0,0.0,0.0,0.0,0.0,0.0,68.0,112.9,0.0,0.0,6.0,9.7,4.0,2.9,0.0,0.0,44,False
7324,1.9,47.0,0.0,0.684931506849315,613.0,14,1,2,0.0,109.0,19213,56,59,30,42.3,7,1.0,0.0,0.0,0.0,1.0,0.0,0.0,0.0,0.0,0.0,0.0,0.0,0.0,0.0,0.0,0.0,0.0,44.0,62.0,0.0,0.0,27.0,15.4,0.0,0.0,1.0,0.6,103,False
13598,2.3,28.0,3.0,0.30618892508143325,768.0,8,1,1440,1.0,91.0,6298,37,100,0,5.2,5,1.0,0.0,0.0,0.0,1.0,0.0,0.0,0.0,0.0,0.0,0.0,0.0,0.0,0.0,0.0,0.0,0.0,25.0,34.5,0.0,0.0,12.0,21.4,0.0,0.0,1.0,0.0,8,False
13124,2.7,58.0,3.0,0.9230769230769231,291.0,17,3,652320,0.0,306.0,3083,34,50,15,29.3,103,1.0,0.0,0.0,0.0,0.0,0.0,0.0,1.0,0.0,0.0,0.0,0.0,0.0,0.0,0.0,0.0,0.0,51.0,135.3,0.0,0.0,10.0,14.4,1.0,0.9,2.0,1.2,6,True
58738,5.5,141.0,33.0,0.7153846153846154,3510.0,19,5,1440,0.0,109.0,3150,16,67,0,0,5,1.0,0.0,0.0,0.0,0.0,0.0,0.0,0.0,0.0,0.0,1.0,0.0,0.0,0.0,0.0,0.0,0.0,80.0,331.6,0.0,0.0,3.0,3.8,2.0,2.4,2.0,2.7,9,True
58638,7.5,202.0,120.0,0.1,188.0,40,36,49,0.0,182.0,4392,22,59,0,0,14,0.0,1.0,0.0,0.0,0.0,0.0,0.0,0.0,0.0,0.0,1.0,0.0,0.0,0.0,0.0,0.0,0.0,97.0,359.3,0.0,0.0,6.0,3.8,1.0,0.5,4.0,7.8,86,False
49355,5.6,654.0,458.0,0.6,13112.0,35,22,1,3.0,547.0,3212,29,100,0,0,12,0.0,1.0,0.0,0.0,0.0,0.0,0.0,0.0,1.0,0.0,0.0,0.0,0.0,0.0,0.0,0.0,0.0,277.0,38.9,1.0,0.3,2.0,1.5,5.0,2.3,0.0,0.0,27,False
22838,3.0,60.0,19.0,0.30618892508143325,1728.0,12,5,1440,1.0,182.0,10704,45,93,0,6.3,8,0.0,1.0,0.0,0.0,1.0,0.0,0.0,0.0,0.0,0.0,0.0,0.0,0.0,0.0,0.0,0.0,0.0,52.0,47.2,0.0,0.0,10.0,17.5,0.0,0.0,0.0,0.0,45,False
176601,10.1,,178.0,0.5247524752475248,1651.0,2,58,725760,0.0,182.0,68801,18,100,1,3.3,42,0.0,1.0,0.0,0.0,1.0,0.0,0.0,0.0,0.0,0.0,0.0,0.0,0.0,0.0,0.0,0.0,0.0,221.0,86.2,0.0,0.0,20.0,22.8,1.0,0.3,0.0,0.0,9,False
33828,4.6,685.0,500.0,0.6,13113.0,42,29,1,3.0,89.0,26619,21,100,0,0,12,0.0,1.0,0.0,0.0,0.0,0.0,0.0,0.0,1.0,0.0,0.0,0.0,0.0,0.0,0.0,0.0,0.0,252.0,53.7,1.0,0.3,2.0,1.5,4.0,2.2,0.0,0.0,17,True
390370,34.4,,63.0,0.6363636363636364,0.0,17283,14400,44640,1.0,911.0,5447,4,100,0,0,38,0.0,1.0,0.0,0.0,0.0,0.0,0.0,0.0,0.0,0.0,1.0,0.0,0.0,0.0,0.0,0.0,0.0,290.0,35.2,1.0,0.3,0.0,0.0,14.0,10.2,0.0,0.0,12,False
46741,6.1,106.0,95.0,0.0,630.0,39,51,19,5.0,364.0,4199,32,100,4,14.3,19,1.0,0.0,0.0,0.0,0.0,0.0,0.0,0.0,0.0,0.0,0.0,0.0,1.0,0.0,0.0,0.0,0.0,108.0,95.0,0.0,0.0,8.0,9.8,4.0,2.1,0.0,0.0,64,False
39213,4.6,1346.0,1061.0,0.2625,4759.0,43,12,12,2.0,638.0,7730,28,100,0,0,14,0.0,1.0,0.0,0.0,1.0,0.0,0.0,0.0,0.0,0.0,0.0,0.0,0.0,0.0,0.0,0.0,0.0,203.0,292.9,1.0,0.6,0.0,0.0,3.0,0.9,2.0,1.4,26,False
40204,4.1,121.0,55.0,0.30618892508143325,5551.0,19,12,1440,1.0,365.0,12729,26,91,0,4.8,8,0.0,1.0,0.0,0.0,1.0,0.0,0.0,0.0,0.0,0.0,0.0,0.0,0.0,0.0,0.0,0.0,0.0,96.0,58.2,0.0,0.0,7.0,12.0,0.0,0.0,0.0,0.0,58,False
6529,1.8,2.0,0.0,0.5418994413407822,1634.0,3,0,43200,0.0,274.0,15753,65,85,0,0,43,0.0,1.0,0.0,0.0,0.0,0.0,0.0,0.0,0.0,0.0,0.0,0.0,0.0,1.0,0.0,0.0,0.0,3.0,11.9,0.0,0.0,1.0,32.1,0.0,0.0,0.0,0.0,106,False
29846,3.8,99.0,14.0,0.684931506849315,3063.0,24,10,2,14.0,182.0,4522,31,98,0,44.5,26,1.0,0.0,0.0,0.0,1.0,0.0,0.0,0.0,0.0,0.0,0.0,0.0,0.0,0.0,0.0,0.0,0.0,105.0,130.4,0.0,0.0,26.0,14.9,4.0,1.9,1.0,0.6,129,True
106313,14.6,,1052.0,0.8571428571428571,207.0,62,61,4320,0.0,182.0,4225,15,100,0,0,8,0.0,0.0,1.0,0.0,0.0,0.0,0.0,0.0,1.0,0.0,0.0,0.0,0.0,0.0,0.0,0.0,0.0,247.0,970.3,1.0,0.7,0.0,0.0,3.0,2.3,4.0,5.5,13,True
5034,1.5,15.0,4.0,0.5418994413407822,1632.0,3,1,43200,0.0,182.0,6748,37,74,0,0,44,0.0,1.0,0.0,0.0,0.0,0.0,0.0,0.0,0.0,0.0,0.0,0.0,0.0,1.0,0.0,0.0,0.0,10.0,76.8,0.0,0.0,1.0,16.1,0.0,0.0,2.0,3.3,393,True
38479,3.3,165.0,71.0,0.8333333333333334,13734.0,54,39,10,8.0,91.0,6084,38,100,2,1.9,20,0.0,1.0,0.0,0.0,1.0,0.0,0.0,0.0,0.0,0.0,0.0,0.0,0.0,0.0,0.0,0.0,0.0,86.0,120.8,0.0,0.0,9.0,7.3,2.0,0.2,2.0,1.3,7,True
3446,1.6,6.0,0.0,0.6666666666666666,2549.0,2,0,18720,0.0,62.0,6625,61,100,5,29.9,4,1.0,0.0,0.0,0.0,0.0,0.0,0.0,0.0,0.0,0.0,0.0,0.0,1.0,0.0,0.0,0.0,0.0,8.0,8.6,0.0,0.0,6.0,5.2,0.0,0.0,0.0,0.0,3,False
60171,5.0,265.0,135.0,0.30618892508143325,9436.0,32,25,1440,2.0,548.0,5339,48,100,0,3.9,10,0.0,1.0,0.0,0.0,1.0,0.0,0.0,0.0,0.0,0.0,0.0,0.0,0.0,0.0,0.0,0.0,0.0,173.0,72.9,0.0,0.0,4.0,6.6,1.0,1.7,0.0,0.0,3,True
5097,1.9,28.0,0.0,0.6666666666666666,2548.0,5,3,18720,0.0,56.0,13640,23,95,5,29.9,5,1.0,0.0,0.0,0.0,0.0,0.0,0.0,0.0,0.0,0.0,0.0,0.0,1.0,0.0,0.0,0.0,0.0,28.0,36.9,0.0,0.0,6.0,5.2,0.0,0.0,0.0,0.0,111,False
83225,7.0,543.0,324.0,0.5247524752475248,1654.0,40,37,725760,0.0,731.0,5721,19,89,1,1,42,0.0,1.0,0.0,0.0,1.0,0.0,0.0,0.0,0.0,0.0,0.0,0.0,0.0,0.0,0.0,0.0,0.0,222.0,60.1,0.0,0.0,17.0,19.1,1.0,0.3,0.0,0.0,152,False
6361,1.9,47.0,0.0,0.2727272727272727,205.0,9,0,13,0.0,246.0,5010,26,88,30,32.3,5,1.0,0.0,0.0,0.0,0.0,0.0,0.0,0.0,0.0,0.0,0.0,0.0,0.0,1.0,0.0,0.0,0.0,56.0,35.5,23.0,15.0,35.0,22.2,2.0,1.4,0.0,0.0,56,False
27011,3.6,360.0,201.0,0.4418604651162791,7228.0,44,22,49,2.0,100.0,5471,12,95,0,0,11,0.0,1.0,0.0,0.0,1.0,0.0,0.0,0.0,0.0,0.0,0.0,0.0,0.0,0.0,0.0,0.0,0.0,170.0,225.9,11.0,18.3,9.0,17.8,2.0,0.4,2.0,2.4,19,False
12983,2.4,88.0,59.0,0.5736040609137056,4138.0,17,14,16,1.0,36.0,3417,16,100,0,0,9,0.0,1.0,0.0,0.0,0.0,0.0,0.0,1.0,0.0,0.0,0.0,0.0,0.0,0.0,0.0,0.0,0.0,49.0,45.3,0.0,0.0,11.0,18.3,0.0,0.0,0.0,0.0,6,True
6285,1.7,102.0,85.0,0.6,5876.0,23,19,43200,1.0,183.0,3699,29,100,0,0,8,0.0,1.0,0.0,0.0,1.0,0.0,0.0,0.0,0.0,0.0,0.0,0.0,0.0,0.0,0.0,0.0,0.0,42.0,42.3,0.0,0.0,4.0,5.1,0.0,0.0,0.0,0.0,63,False
34450,4.0,371.0,204.0,0.4418604651162791,7229.0,46,24,52,2.0,109.0,4170,21,96,0,0,11,0.0,1.0,0.0,0.0,1.0,0.0,0.0,0.0,0.0,0.0,0.0,0.0,0.0,0.0,0.0,0.0,0.0,171.0,222.3,11.0,18.3,9.0,17.8,2.0,0.4,2.0,2.4,25,True
158637,12.4,,1186.0,0.2542372881355932,9712.0,7,56,4,0.0,3661.0,61630,29,100,0,0,19,0.0,1.0,0.0,0.0,0.0,0.0,0.0,0.0,0.0,0.0,0.0,0.0,0.0,1.0,0.0,0.0,0.0,409.0,399.3,1.0,0.5,1.0,0.2,4.0,2.0,4.0,3.0,17,False
57318,5.4,149.0,37.0,0.5714285714285714,997.0,8,49,2,0.0,549.0,3836,12,100,1,1,15,0.0,1.0,0.0,0.0,0.0,0.0,0.0,0.0,0.0,0.0,0.0,0.0,0.0,0.0,1.0,0.0,0.0,107.0,21.5,0.0,0.0,4.0,1.2,1.0,0.9,0.0,0.0,20,False
10061,2.2,397.0,243.0,0.4409282700421941,7229.0,56,33,1,2.0,54.0,5365,12,95,0,0,11,0.0,1.0,0.0,0.0,1.0,0.0,0.0,0.0,0.0,0.0,0.0,0.0,0.0,0.0,0.0,0.0,0.0,137.0,283.2,2.0,0.4,0.0,0.0,2.0,0.4,2.0,1.8,19,False
113813,5.3,,1.0,0.0,4077.0,7,0,67680,29.0,183.0,5616,37,74,5,14.6,139,1.0,0.0,0.0,0.0,0.0,0.0,0.0,0.0,0.0,0.0,1.0,0.0,0.0,0.0,0.0,0.0,0.0,33.0,23.0,0.0,0.0,3.0,2.1,1.0,0.1,0.0,0.0,395,False
384732,12.7,,268.0,0.42105263157894735,534.0,60,53,3,4.0,91.0,3452,30,100,2,2,24,0.0,1.0,0.0,0.0,1.0,0.0,0.0,0.0,0.0,0.0,0.0,0.0,0.0,0.0,0.0,0.0,0.0,250.0,68.6,7.0,5.0,1.0,0.5,1.0,0.2,0.0,0.0,17,False
14375,2.7,72.0,6.0,0.6,673.0,30,22,1,0.0,109.0,19807,54,60,25,49.3,7,1.0,0.0,0.0,0.0,0.0,0.0,0.0,1.0,0.0,0.0,0.0,0.0,0.0,0.0,0.0,0.0,0.0,71.0,54.9,0.0,0.0,24.0,25.7,5.0,4.7,0.0,0.0,121,True
11573,2.2,90.0,90.0,0.4666666666666667,3422.0,40,22,44,1.0,366.0,17491,50,93,0,0,12,0.0,1.0,0.0,0.0,0.0,0.0,0.0,0.0,1.0,0.0,0.0,0.0,0.0,0.0,0.0,0.0,0.0,39.0,18.7,0.0,0.0,3.0,3.0,1.0,0.4,0.0,0.0,118,False
30214,3.5,141.0,116.0,0.4666666666666667,3421.0,44,27,48,1.0,183.0,3591,38,100,0,0,13,0.0,1.0,0.0,0.0,0.0,0.0,0.0,0.0,1.0,0.0,0.0,0.0,0.0,0.0,0.0,0.0,0.0,67.0,34.5,0.0,0.0,3.0,3.0,1.0,0.4,0.0,0.0,26,False
109280,5.3,,46.0,0.6,655.0,46,38,1,0.0,549.0,13683,11,100,2,2,14,0.0,1.0,0.0,0.0,0.0,0.0,0.0,1.0,0.0,0.0,0.0,0.0,0.0,0.0,0.0,0.0,0.0,106.0,52.8,0.0,0.0,17.0,20.5,5.0,4.6,0.0,0.0,55,False
12178,2.5,59.0,16.0,0.5636363636363636,4183.0,16,9,5760,1.0,183.0,12292,29,80,0,7.8,7,0.0,1.0,0.0,0.0,0.0,0.0,0.0,0.0,1.0,0.0,0.0,0.0,0.0,0.0,0.0,0.0,0.0,44.0,71.3,0.0,0.0,16.0,30.4,0.0,0.0,0.0,0.0,238,False
45349,4.8,272.0,110.0,0.0,2051.0,35,22,48,1.0,183.0,4145,21,82,1,1,17,0.0,1.0,0.0,0.0,0.0,0.0,0.0,0.0,0.0,0.0,0.0,0.0,1.0,0.0,0.0,0.0,0.0,146.0,66.3,0.0,0.0,16.0,10.4,4.0,2.1,0.0,0.0,22,False
47434,4.4,148.0,119.0,0.4666666666666667,3421.0,45,27,49,1.0,91.0,7924,1,75,0,0,13,0.0,1.0,0.0,0.0,0.0,0.0,0.0,0.0,1.0,0.0,0.0,0.0,0.0,0.0,0.0,0.0,0.0,73.0,37.4,0.0,0.0,3.0,3.0,1.0,0.4,0.0,0.0,4,False
349045,27.1,,1397.0,0.8571428571428571,208.0,22,20,4320,0.0,1830.0,27181,19,100,0,0,8,0.0,0.0,1.0,0.0,0.0,0.0,0.0,0.0,1.0,0.0,0.0,0.0,0.0,0.0,0.0,0.0,0.0,357.0,905.4,1.0,0.7,0.0,0.0,4.0,2.4,3.0,4.5,21,False
19554,3.2,217.0,184.0,0.6493506493506493,637.0,8,54,1,0.0,183.0,8986,25,100,1,1.1,13,0.0,1.0,0.0,0.0,1.0,0.0,0.0,0.0,0.0,0.0,0.0,0.0,0.0,0.0,0.0,0.0,0.0,98.0,95.1,0.0,0.0,5.0,6.4,2.0,1.6,1.0,0.9,40,False
724604,18.9,,1959.0,0.4409282700421941,35295.0,17,7,3,4.0,457.0,3386,13,100,2,2.8,20,0.0,1.0,0.0,0.0,1.0,0.0,0.0,0.0,0.0,0.0,0.0,0.0,0.0,0.0,0.0,0.0,0.0,656.0,283.0,1.0,0.2,8.0,1.2,8.0,0.2,2.0,1.8,10,True
61738,5.1,244.0,176.0,0.4666666666666667,3421.0,53,36,58,1.0,146.0,5513,8,100,0,0,13,0.0,1.0,0.0,0.0,0.0,0.0,0.0,0.0,1.0,0.0,0.0,0.0,0.0,0.0,0.0,0.0,0.0,126.0,124.3,1.0,0.6,3.0,3.0,4.0,1.2,1.0,0.6,10,True
85366,4.7,199.0,74.0,0.6,655.0,49,42,1,0.0,549.0,5415,17,100,2,2,14,0.0,1.0,0.0,0.0,0.0,0.0,0.0,1.0,0.0,0.0,0.0,0.0,0.0,0.0,0.0,0.0,0.0,136.0,57.6,0.0,0.0,16.0,19.5,4.0,4.1,0.0,0.0,14,True
22955,3.1,320.0,255.0,0.4666666666666667,3422.0,6,48,1,1.0,183.0,3403,35,100,0,0,13,0.0,1.0,0.0,0.0,0.0,0.0,0.0,0.0,1.0,0.0,0.0,0.0,0.0,0.0,0.0,0.0,0.0,124.0,128.0,1.0,0.6,2.0,2.0,4.0,1.2,1.0,0.6,27,False
165632,9.7,,367.0,0.4864864864864865,1692.0,49,40,23,0.0,384.0,4309,18,96,1,1,16,0.0,1.0,0.0,0.0,1.0,0.0,0.0,0.0,0.0,0.0,0.0,0.0,0.0,0.0,0.0,0.0,0.0,226.0,31.0,0.0,0.0,0.0,0.0,4.0,6.4,0.0,0.0,28,False
29499,3.9,148.0,99.0,0.5,2674.0,41,36,2,0.0,317.0,3664,24,79,2,2,19,0.0,1.0,0.0,0.0,0.0,0.0,0.0,0.0,1.0,0.0,0.0,0.0,0.0,0.0,0.0,0.0,0.0,56.0,48.6,0.0,0.0,1.0,2.7,0.0,0.0,0.0,0.0,19,True
372735,13.6,,2139.0,0.4409282700421941,37116.0,48,37,4,4.0,36.0,6920,14,91,2,2.7,21,0.0,1.0,0.0,0.0,1.0,0.0,0.0,0.0,0.0,0.0,0.0,0.0,0.0,0.0,0.0,0.0,0.0,652.0,294.1,1.0,0.2,6.0,0.8,8.0,0.2,2.0,1.8,33,False
34768,4.2,111.0,42.0,0.5636363636363636,4183.0,22,15,5760,1.0,457.0,11975,24,96,0,0,7,0.0,1.0,0.0,0.0,0.0,0.0,0.0,0.0,1.0,0.0,0.0,0.0,0.0,0.0,0.0,0.0,0.0,67.0,74.8,0.0,0.0,15.0,27.1,0.0,0.0,0.0,0.0,56,True
192107,7.2,,161.0,0.6,655.0,13,5,2,0.0,0.0,3005,23,92,2,2,14,0.0,1.0,0.0,0.0,0.0,0.0,0.0,1.0,0.0,0.0,0.0,0.0,0.0,0.0,0.0,0.0,0.0,192.0,56.5,1.0,0.2,13.0,15.3,6.0,3.9,0.0,0.0,72,False
503912,15.8,,2205.0,0.44,37827.0,5,53,4,4.0,183.0,4172,11,100,2,2.3,21,0.0,1.0,0.0,0.0,1.0,0.0,0.0,0.0,0.0,0.0,0.0,0.0,0.0,0.0,0.0,0.0,0.0,657.0,254.7,1.0,0.2,6.0,0.8,11.0,0.5,1.0,0.8,6,False
589803,18.8,,1608.0,1.0,266.0,23,71,23,4.0,915.0,5942,28,75,1,1,19,0.0,1.0,0.0,0.0,1.0,0.0,0.0,0.0,0.0,0.0,0.0,0.0,0.0,0.0,0.0,0.0,0.0,479.0,92.9,9.0,9.0,0.0,0.0,10.0,7.6,1.0,1.2,24,False
178172,7.0,,199.0,0.6,642.0,27,20,2,3.0,366.0,7594,13,90,2,2,17,0.0,1.0,0.0,0.0,0.0,0.0,0.0,1.0,0.0,0.0,0.0,0.0,0.0,0.0,0.0,0.0,0.0,207.0,55.1,1.0,0.2,13.0,15.1,7.0,4.8,0.0,0.0,31,False
17043,2.7,365.0,312.0,0.4666666666666667,3423.0,17,59,1,1.0,457.0,4180,11,100,0,0,13,0.0,1.0,0.0,0.0,0.0,0.0,0.0,0.0,1.0,0.0,0.0,0.0,0.0,0.0,0.0,0.0,0.0,102.0,123.4,1.0,0.7,2.0,2.0,3.0,1.1,1.0,0.7,8,True
28293,3.4,157.0,52.0,0.25,5091.0,30,14,1440,1.0,366.0,3562,23,96,0,5.6,8,0.0,1.0,0.0,0.0,1.0,0.0,0.0,0.0,0.0,0.0,0.0,0.0,0.0,0.0,0.0,0.0,0.0,121.0,33.9,0.0,0.0,54.0,32.3,28.0,8.8,0.0,0.0,27,False
108394,5.5,,228.0,0.6,643.0,37,29,2,3.0,916.0,3127,31,87,2,2,17,0.0,1.0,0.0,0.0,0.0,0.0,0.0,1.0,0.0,0.0,0.0,0.0,0.0,0.0,0.0,0.0,0.0,220.0,52.0,1.0,0.2,13.0,14.8,7.0,4.8,0.0,0.0,30,False
492534,17.3,,1689.0,1.0,266.0,81,71,1440,4.0,2198.0,5950,29,91,1,1,19,0.0,1.0,0.0,0.0,1.0,0.0,0.0,0.0,0.0,0.0,0.0,0.0,0.0,0.0,0.0,0.0,0.0,515.0,99.8,10.0,9.1,0.0,0.0,11.0,7.7,1.0,1.2,22,False
18299,3.0,180.0,116.0,0.5,2962.0,19,14,2,0.0,219.0,12475,33,92,2,1.9,19,0.0,1.0,0.0,0.0,0.0,0.0,0.0,0.0,1.0,0.0,0.0,0.0,0.0,0.0,0.0,0.0,0.0,63.0,47.2,0.0,0.0,1.0,2.7,0.0,0.0,0.0,0.0,76,False
9331,2.1,29.0,0.0,0.7857142857142857,1208.0,5,1,1,0.0,243.0,5809,16,100,25,45,3,1.0,0.0,0.0,0.0,0.0,0.0,0.0,0.0,1.0,0.0,0.0,0.0,0.0,0.0,0.0,0.0,0.0,30.0,95.4,0.0,0.0,5.0,7.3,0.0,0.0,0.0,0.0,4,True
85492,6.6,1092.0,843.0,0.5,134.0,37,30,1440,4.0,915.0,7676,35,99,0,0,19,0.0,1.0,0.0,0.0,1.0,0.0,0.0,0.0,0.0,0.0,0.0,0.0,0.0,0.0,0.0,0.0,0.0,156.0,36.7,1.0,0.3,0.0,0.0,5.0,1.2,0.0,0.0,67,True
31112,2.7,41.0,6.0,0.0,212.0,20,12,2,3.0,337.0,6154,13,100,5,41.3,14,0.0,1.0,0.0,0.0,0.0,0.0,0.0,1.0,0.0,0.0,0.0,0.0,0.0,0.0,0.0,0.0,0.0,35.0,62.2,0.0,0.0,1.0,0.3,0.0,0.0,0.0,0.0,3,False
39542,4.2,138.0,53.0,0.45435684647302904,6092.0,35,23,1440,6.0,219.0,19077,28,100,0,0,13,0.0,1.0,0.0,0.0,1.0,0.0,0.0,0.0,0.0,0.0,0.0,0.0,0.0,0.0,0.0,0.0,0.0,99.0,39.2,0.0,0.0,9.0,15.5,2.0,2.0,0.0,0.0,31,False
189123,13.5,,1198.0,0.2542372881355932,9712.0,14,5,4,0.0,1830.0,61620,29,100,0,0,19,0.0,1.0,0.0,0.0,0.0,0.0,0.0,0.0,0.0,0.0,0.0,0.0,0.0,1.0,0.0,0.0,0.0,411.0,418.3,1.0,0.5,1.0,0.2,4.0,2.0,4.0,3.0,17,True
273657,24.1,,1509.0,0.8571428571428571,208.0,63,62,4320,0.0,915.0,26119,20,100,0,0,8,0.0,0.0,1.0,0.0,0.0,0.0,0.0,0.0,1.0,0.0,0.0,0.0,0.0,0.0,0.0,0.0,0.0,383.0,906.2,1.0,0.7,0.0,0.0,5.0,2.5,3.0,4.5,22,False
25884,3.4,174.0,77.0,0.45435684647302904,6092.0,41,29,1440,6.0,185.0,4876,18,96,0,0,13,0.0,1.0,0.0,0.0,1.0,0.0,0.0,0.0,0.0,0.0,0.0,0.0,0.0,0.0,0.0,0.0,0.0,105.0,32.1,0.0,0.0,7.0,11.8,3.0,3.0,0.0,0.0,46,True
59265,4.1,490.0,297.0,0.6,643.0,53,45,2,3.0,366.0,4619,16,100,2,2,17,0.0,1.0,0.0,0.0,0.0,0.0,0.0,1.0,0.0,0.0,0.0,0.0,0.0,0.0,0.0,0.0,0.0,192.0,88.7,1.0,0.2,12.0,13.6,8.0,4.9,0.0,0.0,15,False
1785,0.8,7.0,0.0,0.5,78.0,42,2,1,2.0,17.0,11809,20,51,14,7.9,6,1.0,0.0,0.0,0.0,0.0,0.0,0.0,0.0,0.0,0.0,1.0,0.0,0.0,0.0,0.0,0.0,0.0,11.0,4.7,0.0,0.0,5.0,4.2,1.0,4.0,0.0,0.0,98,True
427827,16.1,,1724.0,1.0,266.0,1440,1440,1440,4.0,1832.0,5349,16,100,1,1.6,19,0.0,1.0,0.0,0.0,1.0,0.0,0.0,0.0,0.0,0.0,0.0,0.0,0.0,0.0,0.0,0.0,0.0,524.0,98.6,8.0,6.9,0.0,0.0,12.0,7.7,1.0,1.2,15,False
66890,8.1,1858.0,1345.0,0.2833333333333333,10114.0,42,32,5,0.0,916.0,9171,46,100,0,0,19,0.0,1.0,0.0,0.0,0.0,0.0,0.0,0.0,0.0,0.0,0.0,0.0,0.0,1.0,0.0,0.0,0.0,372.0,399.7,1.0,0.5,1.0,0.2,4.0,2.0,4.0,3.0,3,False
122158,9.8,,1.0,0.7205882352941176,5845.0,40,1,1440,43.0,183.0,3259,8,100,15,45.8,16,1.0,0.0,0.0,0.0,0.0,0.0,0.0,0.0,0.0,0.0,1.0,0.0,0.0,0.0,0.0,0.0,0.0,102.0,60.6,1.0,1.7,32.0,23.5,5.0,5.0,0.0,0.0,5,False
52256,3.8,539.0,393.0,0.46919431279620855,2169.0,69,66,21,3.0,916.0,7359,18,75,0,0,25,0.0,1.0,0.0,0.0,0.0,0.0,0.0,0.0,1.0,0.0,0.0,0.0,0.0,0.0,0.0,0.0,0.0,129.0,22.5,0.0,0.0,2.0,1.6,4.0,1.7,0.0,0.0,4,False
445935,13.8,,318.0,0.42105263157894735,526.0,38,32,3,7.0,915.0,8034,33,92,2,2,27,0.0,1.0,0.0,0.0,1.0,0.0,0.0,0.0,0.0,0.0,0.0,0.0,0.0,0.0,0.0,0.0,0.0,282.0,78.6,5.0,3.3,1.0,0.5,4.0,1.4,0.0,0.0,13,False
25172,3.3,96.0,30.0,0.2823529411764706,3921.0,16,3,40,1.0,366.0,4368,33,96,0,5.9,8,1.0,0.0,0.0,0.0,0.0,0.0,0.0,0.0,0.0,0.0,0.0,0.0,0.0,1.0,0.0,0.0,0.0,78.0,26.2,0.0,0.0,36.0,28.8,1.0,1.4,0.0,0.0,122,True
146335,21.5,,88.0,0.65,13.0,538579,538579,538560,1.0,549.0,18055,50,93,0,0,113,0.0,1.0,0.0,0.0,1.0,0.0,0.0,0.0,0.0,0.0,0.0,0.0,0.0,0.0,0.0,0.0,0.0,242.0,469.3,0.0,0.0,0.0,0.0,8.0,1.9,2.0,2.3,118,True
134496,6.5,,121.0,0.7857142857142857,9.0,8645,8644,8640,5.0,91.0,5134,11,93,3,3,26,0.0,1.0,0.0,0.0,0.0,0.0,0.0,0.0,0.0,0.0,0.0,0.0,1.0,0.0,0.0,0.0,0.0,152.0,91.7,0.0,0.0,1.0,0.4,7.0,38.6,1.0,0.6,28,False
179787,12.0,,78.0,0.7226277372262774,14677.0,59,20,1440,43.0,91.0,3029,22,75,3,3.9,21,1.0,0.0,0.0,0.0,0.0,0.0,0.0,0.0,0.0,0.0,1.0,0.0,0.0,0.0,0.0,0.0,0.0,205.0,74.5,0.0,0.0,20.0,12.7,9.0,5.5,0.0,0.0,12,False
25192,3.6,110.0,56.0,0.0,281.0,57,36,1440,5.0,219.0,12015,33,92,1,1,20,0.0,1.0,0.0,0.0,0.0,0.0,0.0,0.0,1.0,0.0,0.0,0.0,0.0,0.0,0.0,0.0,0.0,71.0,166.2,0.0,0.0,3.0,4.1,4.0,7.0,2.0,2.8,77,False
22103,2.5,558.0,369.0,0.6,642.0,25,17,3,3.0,91.0,4142,15,100,2,1.9,18,0.0,1.0,0.0,0.0,0.0,0.0,0.0,1.0,0.0,0.0,0.0,0.0,0.0,0.0,0.0,0.0,0.0,171.0,75.2,1.0,0.2,5.0,5.1,2.0,0.3,0.0,0.0,15,True
371261,15.1,,1767.0,1.0,266.0,1440,1440,1440,4.0,770.0,14522,33,91,1,1.4,19,0.0,1.0,0.0,0.0,1.0,0.0,0.0,0.0,0.0,0.0,0.0,0.0,0.0,0.0,0.0,0.0,0.0,522.0,97.3,11.0,9.2,0.0,0.0,13.0,7.8,1.0,1.2,22,False
35270,4.3,55.0,0.0,0.25,604.0,9,3,2,1.0,183.0,16418,10,81,23,81.1,6,1.0,0.0,0.0,0.0,0.0,0.0,0.0,0.0,0.0,0.0,1.0,0.0,0.0,0.0,0.0,0.0,0.0,58.0,154.1,0.0,0.0,20.0,27.4,0.0,0.0,2.0,1.7,54,False
65356,5.5,272.0,131.0,0.45435684647302904,5632.0,58,46,1440,6.0,366.0,10479,24,97,0,0,14,0.0,1.0,0.0,0.0,1.0,0.0,0.0,0.0,0.0,0.0,0.0,0.0,0.0,0.0,0.0,0.0,0.0,134.0,159.0,1.0,0.7,4.0,6.1,4.0,2.9,1.0,0.7,58,True
664061,18.2,,2257.0,0.45435684647302904,35055.0,19,8,4,4.0,2757.0,3161,23,93,2,2.2,22,0.0,1.0,0.0,0.0,1.0,0.0,0.0,0.0,0.0,0.0,0.0,0.0,0.0,0.0,0.0,0.0,0.0,657.0,287.3,1.0,0.2,6.0,0.8,10.0,0.2,2.0,1.8,72,True
4199,1.4,56.0,46.0,0.8,2470.0,21,17,3,1.0,91.0,4200,33,96,0,0,15,0.0,1.0,0.0,0.0,0.0,0.0,0.0,0.0,1.0,0.0,0.0,0.0,0.0,0.0,0.0,0.0,0.0,20.0,17.5,0.0,0.0,0.0,0.0,0.0,0.0,0.0,0.0,124,False
64977,6.2,0.0,84.0,0.6,0.0,15858,15858,15840,1.0,824.0,13306,34,92,5,4.9,16,0.0,1.0,0.0,0.0,0.0,0.0,0.0,0.0,0.0,0.0,1.0,0.0,0.0,0.0,0.0,0.0,0.0,105.0,335.9,0.0,0.0,0.0,0.0,3.0,3.7,2.0,1.3,76,True
11819,2.5,59.0,0.0,0.25,3763.0,12,6,2,2.0,109.0,19539,50,61,11,41.2,8,1.0,0.0,0.0,0.0,0.0,0.0,0.0,0.0,0.0,0.0,1.0,0.0,0.0,0.0,0.0,0.0,0.0,62.0,164.8,0.0,0.0,20.0,26.8,0.0,0.0,2.0,1.7,123,False
24976,3.6,123.0,66.0,0.0,281.0,7,44,1440,5.0,366.0,3788,20,83,1,1,20,0.0,1.0,0.0,0.0,0.0,0.0,0.0,0.0,1.0,0.0,0.0,0.0,0.0,0.0,0.0,0.0,0.0,77.0,177.7,0.0,0.0,3.0,4.1,4.0,7.0,2.0,2.8,24,True
169414,19.0,,1613.0,0.8571428571428571,208.0,28,26,4320,0.0,1780.0,4678,27,100,0,0,8,0.0,0.0,1.0,0.0,0.0,0.0,0.0,0.0,1.0,0.0,0.0,0.0,0.0,0.0,0.0,0.0,0.0,370.0,909.7,1.0,0.7,0.0,0.0,7.0,2.8,3.0,4.5,34,False
13990,2.6,92.0,4.0,0.0,748.0,35,23,4,0.0,183.0,3599,48,100,20,34.5,8,1.0,0.0,0.0,0.0,0.0,0.0,0.0,0.0,0.0,0.0,0.0,0.0,0.0,0.0,1.0,0.0,0.0,83.0,39.2,0.0,0.0,5.0,1.5,9.0,6.7,0.0,0.0,3,True
150732,11.0,,207.0,0.7153284671532847,16719.0,30,50,1440,43.0,183.0,3676,21,78,1,2.1,24,0.0,1.0,0.0,0.0,0.0,0.0,0.0,0.0,0.0,0.0,1.0,0.0,0.0,0.0,0.0,0.0,0.0,217.0,319.1,0.0,0.0,17.0,10.2,8.0,5.4,1.0,1.0,23,False
16575,2.9,628.0,460.0,0.45454545454545453,1109.0,72,42,19,4.0,274.0,7092,27,100,0,0,16,0.0,1.0,0.0,0.0,1.0,0.0,0.0,0.0,0.0,0.0,0.0,0.0,0.0,0.0,0.0,0.0,0.0,122.0,20.6,0.0,0.0,1.0,1.2,4.0,4.0,0.0,0.0,38,False
51631,5.1,116.0,8.0,0.0,747.0,48,35,4,0.0,366.0,3291,18,100,10,59.1,9,1.0,0.0,0.0,0.0,0.0,0.0,0.0,0.0,0.0,0.0,0.0,0.0,0.0,0.0,1.0,0.0,0.0,103.0,106.5,0.0,0.0,5.0,1.5,9.0,6.7,1.0,1.8,7,False
52120,5.5,124.0,51.0,0.5,850.0,31,18,33,0.0,916.0,3583,29,100,1,2.9,5,1.0,0.0,0.0,0.0,0.0,0.0,0.0,0.0,0.0,0.0,1.0,0.0,0.0,0.0,0.0,0.0,0.0,83.0,84.6,0.0,0.0,2.0,4.3,2.0,3.3,1.0,2.5,80,False
53274,9.3,260.0,182.0,0.6,10848.0,33,24,51,3.0,91.0,3379,16,100,1,2.5,10,0.0,1.0,0.0,0.0,0.0,0.0,0.0,0.0,0.0,0.0,1.0,0.0,0.0,0.0,0.0,0.0,0.0,146.0,79.0,0.0,0.0,13.0,9.4,8.0,6.8,1.0,1.0,7,False
10887,2.3,53.0,48.0,0.5879396984924623,5549.0,4341,4341,5760,1.0,91.0,4243,23,100,0,0,11,0.0,1.0,0.0,0.0,0.0,0.0,0.0,0.0,0.0,0.0,0.0,0.0,0.0,1.0,0.0,0.0,0.0,125.0,135.3,1.0,0.6,1.0,0.2,9.0,2.8,2.0,1.0,9,False
113836,7.1,,491.0,0.5,527.0,48,42,5,7.0,916.0,11293,30,80,2,2,27,0.0,1.0,0.0,0.0,1.0,0.0,0.0,0.0,0.0,0.0,0.0,0.0,0.0,0.0,0.0,0.0,0.0,299.0,110.0,1.0,0.2,0.0,0.0,7.0,2.3,0.0,0.0,25,True
34075,7.4,293.0,232.0,0.6,11952.0,45,36,1,3.0,91.0,3064,10,92,1,2.2,11,0.0,1.0,0.0,0.0,0.0,0.0,0.0,0.0,0.0,0.0,1.0,0.0,0.0,0.0,0.0,0.0,0.0,147.0,74.6,0.0,0.0,11.0,8.4,8.0,6.8,1.0,1.0,12,False
323877,11.9,,509.0,0.5,525.0,58,52,6,8.0,366.0,3412,20,84,2,2,28,0.0,1.0,0.0,0.0,1.0,0.0,0.0,0.0,0.0,0.0,0.0,0.0,0.0,0.0,0.0,0.0,0.0,312.0,111.7,1.0,0.2,0.0,0.0,7.0,2.8,0.0,0.0,25,False
415725,59.8,,247.0,0.8571428571428571,347.0,17294,5768,17280,3.0,3663.0,21816,13,96,0,0,11,0.0,0.0,1.0,0.0,0.0,0.0,0.0,0.0,0.0,0.0,1.0,0.0,0.0,0.0,0.0,0.0,0.0,276.0,172.2,1.0,0.2,0.0,0.0,12.0,6.8,1.0,0.2,26,False
61749,5.5,109.0,63.0,0.8,2471.0,12,8,3,1.0,1096.0,4947,13,100,0,0,15,0.0,1.0,0.0,0.0,0.0,0.0,0.0,0.0,1.0,0.0,0.0,0.0,0.0,0.0,0.0,0.0,0.0,57.0,266.1,0.0,0.0,0.0,0.0,2.0,0.8,2.0,5.0,13,False
337038,13.1,,2569.0,0.4536082474226804,34079.0,6,54,6,4.0,1374.0,3820,27,86,2,2.1,23,0.0,1.0,0.0,0.0,1.0,0.0,0.0,0.0,0.0,0.0,0.0,0.0,0.0,0.0,0.0,0.0,0.0,625.0,282.4,1.0,0.2,4.0,0.6,11.0,0.3,2.0,1.8,14,True
4761,1.5,67.0,0.0,0.9305555555555556,117.0,23,3,5760,0.0,86.0,19186,32,57,20,40.8,6,1.0,0.0,0.0,0.0,0.0,0.0,0.0,0.0,0.0,0.0,1.0,0.0,0.0,0.0,0.0,0.0,0.0,53.0,40.2,0.0,0.0,1.0,0.4,0.0,0.0,0.0,0.0,443,False
229671,10.5,,277.0,0.4536082474226804,4529.0,42,30,1440,6.0,305.0,3620,9,100,0,0,16,0.0,1.0,0.0,0.0,1.0,0.0,0.0,0.0,0.0,0.0,0.0,0.0,0.0,0.0,0.0,0.0,0.0,190.0,280.1,1.0,0.7,1.0,1.6,5.0,3.1,3.0,3.2,18,False
22406,3.4,261.0,162.0,0.5,105.0,55,36,4,1.0,183.0,18296,45,92,1,2.4,19,0.0,1.0,0.0,0.0,0.0,0.0,0.0,0.0,0.0,0.0,0.0,0.0,0.0,0.0,1.0,0.0,0.0,88.0,25.0,0.0,0.0,4.0,1.2,1.0,9.5,0.0,0.0,38,True
185741,9.7,,124.0,0.8,2471.0,40,36,4,1.0,458.0,8665,13,91,0,0,15,0.0,1.0,0.0,0.0,0.0,0.0,0.0,0.0,1.0,0.0,0.0,0.0,0.0,0.0,0.0,0.0,0.0,111.0,540.3,0.0,0.0,0.0,0.0,2.0,0.8,3.0,5.8,33,False
14936,2.7,229.0,147.0,0.559228650137741,883.0,13,10,44640,1.0,183.0,3334,19,96,0,0,48,0.0,1.0,0.0,0.0,0.0,0.0,0.0,0.0,0.0,0.0,0.0,0.0,0.0,1.0,0.0,0.0,0.0,64.0,24.0,0.0,0.0,0.0,0.0,1.0,0.9,0.0,0.0,26,True
6747,1.8,27.0,6.0,0.5194174757281553,684.0,5,2,48,0.0,18.0,3946,20,60,24,29.5,3,1.0,0.0,0.0,0.0,1.0,0.0,0.0,0.0,0.0,0.0,0.0,0.0,0.0,0.0,0.0,0.0,0.0,26.0,13.6,0.0,0.0,18.0,23.2,0.0,0.0,0.0,0.0,89,False
222865,10.6,,135.0,0.8,2468.0,43,38,4,2.0,183.0,3304,32,100,0,0,16,0.0,1.0,0.0,0.0,0.0,0.0,0.0,0.0,1.0,0.0,0.0,0.0,0.0,0.0,0.0,0.0,0.0,118.0,548.4,0.0,0.0,0.0,0.0,3.0,2.3,3.0,5.8,27,False
24537,3.3,117.0,54.0,0.6,3991.0,25,15,34,1.0,183.0,5237,15,100,0,5.8,8,0.0,1.0,0.0,0.0,1.0,0.0,0.0,0.0,0.0,0.0,0.0,0.0,0.0,0.0,0.0,0.0,0.0,88.0,262.8,0.0,0.0,6.0,6.6,1.0,0.1,2.0,2.9,14,True
8923,2.4,917.0,744.0,0.6,13156.0,12,58,7,3.0,128.0,3028,52,70,0,0,12,0.0,1.0,0.0,0.0,0.0,0.0,0.0,0.0,1.0,0.0,0.0,0.0,0.0,0.0,0.0,0.0,0.0,166.0,264.3,1.0,0.3,1.0,0.7,5.0,3.1,2.0,1.0,20,False
9452,3.2,14.0,0.0,1.0,832.0,10,0,2,0.0,296.0,3559,39,76,20,31.4,4,1.0,0.0,0.0,0.0,0.0,0.0,0.0,0.0,0.0,0.0,0.0,0.0,1.0,0.0,0.0,0.0,0.0,15.0,9.4,0.0,0.0,14.0,18.1,0.0,0.0,0.0,0.0,170,False
140951,8.5,,200.0,0.8,2460.0,53,49,4,5.0,458.0,8200,13,91,0,0,19,0.0,1.0,0.0,0.0,0.0,0.0,0.0,0.0,1.0,0.0,0.0,0.0,0.0,0.0,0.0,0.0,0.0,155.0,564.4,0.0,0.0,0.0,0.0,7.0,9.0,3.0,4.9,34,False
23705,3.7,276.0,183.0,0.5,521.0,44,31,1,0.0,183.0,4540,31,93,0.5,0.9,10,1.0,0.0,0.0,0.0,0.0,0.0,0.0,0.0,0.0,0.0,1.0,0.0,0.0,0.0,0.0,0.0,0.0,108.0,146.0,0.0,0.0,2.0,1.6,4.0,5.3,2.0,3.4,72,False
33671,3.9,197.0,109.0,0.6,5209.0,42,32,51,1.0,91.0,3092,16,85,0,0,9,0.0,1.0,0.0,0.0,1.0,0.0,0.0,0.0,0.0,0.0,0.0,0.0,0.0,0.0,0.0,0.0,0.0,122.0,271.1,0.0,0.0,4.0,4.3,5.0,1.3,2.0,2.3,162,False
73636,1.3,7.0,1.0,0.7428571428571429,28731.0,57612,48979,57600,46.0,0.0,3969,9,100,0,0,36,0.0,1.0,0.0,0.0,0.0,0.0,0.0,0.0,0.0,1.0,0.0,0.0,0.0,0.0,0.0,0.0,0.0,149.0,854.5,0.0,0.0,0.0,0.0,7.0,59.1,5.0,5.7,3,True
13812,2.0,629.0,434.0,0.6,161.0,26,19,4,4.0,183.0,3951,16,100,2,1.9,23,0.0,1.0,0.0,0.0,0.0,0.0,0.0,1.0,0.0,0.0,0.0,0.0,0.0,0.0,0.0,0.0,0.0,160.0,70.1,1.0,0.2,4.0,3.6,2.0,0.3,0.0,0.0,15,False
23304,3.4,644.0,473.0,0.45081967213114754,1110.0,59,29,20,4.0,273.0,7147,27,100,0,0,16,0.0,1.0,0.0,0.0,1.0,0.0,0.0,0.0,0.0,0.0,0.0,0.0,0.0,0.0,0.0,0.0,0.0,124.0,20.7,0.0,0.0,0.0,0.0,4.0,4.0,0.0,0.0,38,False
19426,5.6,330.0,315.0,0.6,13756.0,27,18,1,3.0,458.0,6217,30,81,1,1,11,0.0,1.0,0.0,0.0,0.0,0.0,0.0,0.0,0.0,0.0,1.0,0.0,0.0,0.0,0.0,0.0,0.0,117.0,33.2,0.0,0.0,7.0,6.7,6.0,4.9,0.0,0.0,26,False
156578,8.9,,2759.0,0.45081967213114754,36217.0,65,54,7,4.0,1467.0,8968,23,90,2,2.3,23,0.0,1.0,0.0,0.0,1.0,0.0,0.0,0.0,0.0,0.0,0.0,0.0,0.0,0.0,0.0,0.0,0.0,609.0,239.9,1.0,0.2,3.0,0.6,12.0,0.5,2.0,1.8,10,False
43198,4.7,332.0,193.0,0.5,129.0,6,46,6,1.0,275.0,18125,45,92,1,1,19,0.0,1.0,0.0,0.0,0.0,0.0,0.0,0.0,0.0,0.0,0.0,0.0,0.0,0.0,1.0,0.0,0.0,122.0,119.5,0.0,0.0,4.0,1.2,3.0,9.8,1.0,2.9,39,True
163891,9.7,,420.0,0.4864864864864865,1694.0,1440,1440,1440,0.0,641.0,6180,18,100,1,1,16,0.0,1.0,0.0,0.0,1.0,0.0,0.0,0.0,0.0,0.0,0.0,0.0,0.0,0.0,0.0,0.0,0.0,266.0,259.8,0.0,0.0,0.0,0.0,3.0,4.6,1.0,0.5,8,True
61901,5.6,695.0,445.0,0.45081967213114754,4536.0,15,3,1440,6.0,770.0,7920,20,100,0,0,16,0.0,1.0,0.0,0.0,1.0,0.0,0.0,0.0,0.0,0.0,0.0,0.0,0.0,0.0,0.0,0.0,0.0,191.0,284.8,1.0,0.7,2.0,2.5,3.0,1.3,3.0,3.2,20,False
191189,9.9,,2805.0,0.45081967213114754,36482.0,28,17,7,4.0,4899.0,5007,31,100,2,2.1,23,0.0,1.0,0.0,0.0,1.0,0.0,0.0,0.0,0.0,0.0,0.0,0.0,0.0,0.0,0.0,0.0,0.0,601.0,234.2,1.0,0.2,2.0,0.5,12.0,0.5,2.0,1.8,33,False
124717,12.5,,555.0,0.8571428571428571,0.0,1440,1440,1440,0.0,549.0,4569,46,92,0,0,5,0.0,0.0,1.0,0.0,1.0,0.0,0.0,0.0,0.0,0.0,0.0,0.0,0.0,0.0,0.0,0.0,0.0,221.0,300.4,1.0,0.8,1.0,2.0,5.0,4.2,4.0,7.8,12,False
305740,12.6,,263.0,0.8,1939.0,13,9,4,7.0,366.0,8224,13,91,0,0,22,0.0,1.0,0.0,0.0,0.0,0.0,0.0,0.0,1.0,0.0,0.0,0.0,0.0,0.0,0.0,0.0,0.0,182.0,356.3,1.0,0.3,0.0,0.0,9.0,10.1,2.0,4.4,34,True
56627,7.5,0.0,104.0,0.6296296296296297,795.0,45,50,4,1.0,183.0,3070,17,87,1.3,1.3,9,0.0,1.0,0.0,0.0,0.0,0.0,0.0,0.0,0.0,0.0,1.0,0.0,0.0,0.0,0.0,0.0,0.0,58.0,21.3,0.0,0.0,0.0,0.0,4.0,19.0,0.0,0.0,15,True
240256,14.0,,237.0,0.7153284671532847,17057.0,45,6,1440,43.0,732.0,11200,24,91,1,1,24,0.0,1.0,0.0,0.0,0.0,0.0,0.0,0.0,0.0,0.0,1.0,0.0,0.0,0.0,0.0,0.0,0.0,234.0,363.6,0.0,0.0,16.0,10.0,7.0,5.2,2.0,2.0,22,True
95628,7.2,1477.0,1164.0,0.27906976744186046,4783.0,41,69,21,2.0,550.0,5266,16,100,0,0,14,0.0,1.0,0.0,0.0,1.0,0.0,0.0,0.0,0.0,0.0,0.0,0.0,0.0,0.0,0.0,0.0,0.0,198.0,290.5,1.0,0.6,0.0,0.0,4.0,2.2,2.0,1.4,15,False
271856,9.3,,106.0,0.8,9.0,8647,8646,8640,5.0,1154.0,71702,16,69,3,3,26,0.0,1.0,0.0,0.0,0.0,0.0,0.0,0.0,0.0,0.0,0.0,0.0,1.0,0.0,0.0,0.0,0.0,150.0,93.9,0.0,0.0,1.0,0.4,7.0,39.0,1.0,0.6,13,True
13903,2.4,85.0,30.0,0.27586206896551724,3507.0,20,6,24,1.0,183.0,4820,18,100,0,7.8,9,0.0,1.0,0.0,0.0,0.0,0.0,0.0,0.0,0.0,0.0,0.0,0.0,0.0,1.0,0.0,0.0,0.0,73.0,21.1,0.0,0.0,26.0,21.8,2.0,1.3,0.0,0.0,7,False
2947,0.8,20.0,10.0,0.8571428571428571,238.0,44,38,1,0.0,100.0,3089,16,88,0,0,3,0.0,0.0,1.0,0.0,1.0,0.0,0.0,0.0,0.0,0.0,0.0,0.0,0.0,0.0,0.0,0.0,0.0,9.0,3.0,0.0,0.0,0.0,0.0,0.0,0.0,1.0,0.0,16,True
36993,4.1,306.0,190.0,0.6,4199.0,5,55,1,1.0,366.0,3864,30,86,0,0,11,0.0,1.0,0.0,0.0,1.0,0.0,0.0,0.0,0.0,0.0,0.0,0.0,0.0,0.0,0.0,0.0,0.0,150.0,276.5,0.0,0.0,4.0,3.4,4.0,1.2,2.0,4.1,7,False
285077,17.1,,363.0,0.6296296296296297,612.0,39,44,5,1.0,367.0,10838,23,92,1.3,2.2,10,0.0,1.0,0.0,0.0,0.0,0.0,0.0,0.0,0.0,0.0,1.0,0.0,0.0,0.0,0.0,0.0,0.0,189.0,17.9,0.0,0.0,0.0,0.0,8.0,16.1,0.0,0.0,60,False
182894,13.7,,444.0,0.6296296296296297,612.0,45,50,5,1.0,367.0,10468,23,92,1.3,1.3,10,0.0,1.0,0.0,0.0,0.0,0.0,0.0,0.0,0.0,0.0,1.0,0.0,0.0,0.0,0.0,0.0,0.0,192.0,19.6,0.0,0.0,0.0,0.0,9.0,16.3,0.0,0.0,61,False
6414,1.7,240.0,186.0,0.27586206896551724,74.0,52,38,56,1.0,183.0,4150,21,100,0,0,11,0.0,1.0,0.0,0.0,0.0,0.0,0.0,0.0,0.0,0.0,0.0,0.0,0.0,1.0,0.0,0.0,0.0,81.0,34.9,0.0,0.0,4.0,2.1,3.0,2.3,0.0,0.0,6,False
146367,12.4,,553.0,0.6296296296296297,613.0,62,8,6,1.0,1065.0,4780,19,83,1.3,1.3,10,0.0,1.0,0.0,0.0,0.0,0.0,0.0,0.0,0.0,0.0,1.0,0.0,0.0,0.0,0.0,0.0,0.0,191.0,19.8,0.0,0.0,0.0,0.0,8.0,12.6,0.0,0.0,6,False
19741,2.9,41.0,0.0,0.4647887323943662,337.0,17,0,20,1.0,183.0,5862,37,74,0,6.6,6,1.0,0.0,0.0,0.0,0.0,0.0,0.0,0.0,0.0,0.0,0.0,0.0,1.0,0.0,0.0,0.0,0.0,42.0,28.8,0.0,0.0,41.0,42.9,0.0,0.0,0.0,0.0,394,True
11438,2.2,45.0,0.0,0.4647887323943662,1217.0,18,0,20,1.0,73.0,4218,5,50,0,5.7,6,1.0,0.0,0.0,0.0,0.0,0.0,0.0,0.0,0.0,0.0,0.0,0.0,1.0,0.0,0.0,0.0,0.0,46.0,41.2,0.0,0.0,36.0,35.8,0.0,0.0,0.0,0.0,10,False
42475,4.2,24.0,8.0,0.5589041095890411,1705.0,21,19,21,0.0,183.0,3321,35,100,0,0,6,0.0,1.0,0.0,0.0,0.0,0.0,0.0,0.0,0.0,0.0,0.0,0.0,1.0,0.0,0.0,0.0,0.0,17.0,17.5,0.0,0.0,2.0,0.9,0.0,0.0,1.0,0.0,6,False
207022,2.1,,3.0,0.7428571428571429,28762.0,57614,48981,57600,46.0,183.0,22804,27,92,0,0,36,0.0,1.0,0.0,0.0,0.0,0.0,0.0,0.0,0.0,1.0,0.0,0.0,0.0,0.0,0.0,0.0,0.0,150.0,864.1,0.0,0.0,0.0,0.0,7.0,59.1,5.0,5.7,73,True
24374,3.6,495.0,314.0,1.0,3300.0,57,44,4,1.0,256.0,3346,19,83,1,1,22,0.0,1.0,0.0,0.0,0.0,0.0,0.0,0.0,0.0,0.0,0.0,0.0,1.0,0.0,0.0,0.0,0.0,129.0,37.6,0.0,0.0,0.0,0.0,2.0,3.5,0.0,0.0,29,True
14582,2.7,286.0,188.0,0.559228650137741,790.0,64,62,44640,2.0,367.0,8092,30,100,0,0,50,0.0,1.0,0.0,0.0,0.0,0.0,0.0,0.0,0.0,0.0,0.0,0.0,0.0,1.0,0.0,0.0,0.0,73.0,28.9,0.0,0.0,0.0,0.0,1.0,0.3,0.0,0.0,11,False
108906,10.7,,607.0,0.6296296296296297,429.0,19,24,6,1.0,788.0,3709,18,83,1.3,1.3,11,0.0,1.0,0.0,0.0,0.0,0.0,0.0,0.0,0.0,0.0,1.0,0.0,0.0,0.0,0.0,0.0,0.0,193.0,15.8,0.0,0.0,0.0,0.0,11.0,13.2,0.0,0.0,6,False
229501,10.8,,2841.0,0.45081967213114754,37135.0,56,45,8,4.0,275.0,3739,4,50,2,2.1,23,0.0,1.0,0.0,0.0,1.0,0.0,0.0,0.0,0.0,0.0,0.0,0.0,0.0,0.0,0.0,0.0,0.0,610.0,235.0,1.0,0.2,1.0,0.2,13.0,0.5,2.0,1.8,4,False
15735,2.7,496.0,348.0,0.6,3872.0,32,22,2,2.0,551.0,4792,49,100,0,0,16,0.0,1.0,0.0,0.0,1.0,0.0,0.0,0.0,0.0,0.0,0.0,0.0,0.0,0.0,0.0,0.0,0.0,130.0,190.4,0.0,0.0,1.0,1.1,3.0,1.0,1.0,1.4,5,False
69275,5.9,739.0,475.0,0.45081967213114754,4542.0,56,44,1440,6.0,818.0,7918,20,100,0,0,16,0.0,1.0,0.0,0.0,1.0,0.0,0.0,0.0,0.0,0.0,0.0,0.0,0.0,0.0,0.0,0.0,0.0,195.0,271.4,1.0,0.7,1.0,1.6,2.0,0.7,3.0,3.2,20,False
19144,2.9,161.0,86.0,0.4647887323943662,5881.0,29,12,32,1.0,91.0,3974,72,93,0,0,10,0.0,1.0,0.0,0.0,0.0,0.0,0.0,0.0,0.0,0.0,0.0,0.0,1.0,0.0,0.0,0.0,0.0,121.0,50.0,0.0,0.0,14.0,11.1,2.0,0.2,0.0,0.0,54,True
371890,13.8,,2909.0,0.4498977505112474,38272.0,51,40,9,4.0,735.0,8048,14,100,2,2.1,23,0.0,1.0,0.0,0.0,1.0,0.0,0.0,0.0,0.0,0.0,0.0,0.0,0.0,0.0,0.0,0.0,0.0,635.0,259.4,1.0,0.2,1.0,0.2,13.0,0.7,2.0,1.8,16,False
48768,5.0,788.0,517.0,0.4498977505112474,4550.0,54,42,1440,6.0,368.0,3720,29,100,0,0,16,0.0,1.0,0.0,0.0,1.0,0.0,0.0,0.0,0.0,0.0,0.0,0.0,0.0,0.0,0.0,0.0,0.0,195.0,259.6,1.0,0.7,1.0,1.6,3.0,1.0,3.0,3.2,65,False
296582,13.5,,1793.0,1.0,266.0,1441,1441,1440,4.0,366.0,3367,12,100,1,1,19,0.0,1.0,0.0,0.0,1.0,0.0,0.0,0.0,0.0,0.0,0.0,0.0,0.0,0.0,0.0,0.0,0.0,512.0,90.1,11.0,9.2,0.0,0.0,13.0,7.8,1.0,1.2,15,True
12538,2.3,83.0,48.0,0.2727272727272727,2909.0,23,9,29,1.0,36.0,4190,5,55,0,8.2,9,0.0,1.0,0.0,0.0,1.0,0.0,0.0,0.0,0.0,0.0,0.0,0.0,0.0,0.0,0.0,0.0,0.0,60.0,46.8,0.0,0.0,14.0,20.5,1.0,1.6,0.0,0.0,11,False
6486,1.9,24.0,2.0,0.0,101.0,43,19,48,0.0,184.0,3223,33,50,1,1,8,1.0,0.0,0.0,0.0,1.0,0.0,0.0,0.0,0.0,0.0,0.0,0.0,0.0,0.0,0.0,0.0,0.0,15.0,1.9,1.0,2.6,0.0,0.0,6.0,17.3,0.0,0.0,228,True
50862,6.5,114.0,34.0,0.6,6275.0,12,11,5760,1.0,184.0,3378,35,85,0,3,15,1.0,0.0,0.0,0.0,0.0,0.0,0.0,0.0,1.0,0.0,0.0,0.0,0.0,0.0,0.0,0.0,0.0,88.0,96.9,0.0,0.0,12.0,18.8,27.0,24.9,1.0,1.2,211,False
30567,4.1,2.0,81.0,0.5,0.0,53,25,3,0.0,368.0,13586,23,94,1,1.3,2,1.0,0.0,0.0,0.0,1.0,0.0,0.0,0.0,0.0,0.0,0.0,0.0,0.0,0.0,0.0,0.0,0.0,48.0,10.7,39.0,68.0,23.0,56.4,39.0,65.6,0.0,0.0,114,False
9083,2.0,132.0,98.0,0.2696629213483146,3995.0,48,33,54,1.0,184.0,6635,30,98,0,0,10,0.0,1.0,0.0,0.0,1.0,0.0,0.0,0.0,0.0,0.0,0.0,0.0,0.0,0.0,0.0,0.0,0.0,63.0,45.2,0.0,0.0,9.0,14.3,1.0,1.6,0.0,0.0,210,True
7331,1.9,163.0,124.0,0.0,1262.0,32,19,8,0.0,184.0,3747,31,100,2,2.3,20,0.0,1.0,0.0,0.0,0.0,0.0,0.0,0.0,0.0,0.0,0.0,0.0,0.0,0.0,1.0,0.0,0.0,59.0,66.0,0.0,0.0,0.0,0.0,10.0,7.1,1.0,0.6,4,True
17042,2.8,500.0,351.0,0.6,3872.0,34,24,2,2.0,91.0,4079,43,100,0,0,16,0.0,1.0,0.0,0.0,1.0,0.0,0.0,0.0,0.0,0.0,0.0,0.0,0.0,0.0,0.0,0.0,0.0,130.0,192.5,0.0,0.0,1.0,1.1,3.0,1.0,1.0,1.4,6,True
43441,6.0,176.0,70.0,0.6,11275.0,19,17,5760,1.0,368.0,31406,15,99,0,3.2,16,0.0,1.0,0.0,0.0,0.0,0.0,0.0,0.0,1.0,0.0,0.0,0.0,0.0,0.0,0.0,0.0,0.0,124.0,45.2,0.0,0.0,13.0,20.3,21.0,20.4,0.0,0.0,97,False
9125,1.9,128.0,86.0,0.2696629213483146,4923.0,5,29,2,1.0,184.0,6579,30,98,0,0,9,0.0,1.0,0.0,0.0,1.0,0.0,0.0,0.0,0.0,0.0,0.0,0.0,0.0,0.0,0.0,0.0,0.0,79.0,17.0,0.0,0.0,2.0,1.7,0.0,0.0,0.0,0.0,210,False
3199,1.3,5.0,0.0,0.8,388.0,21,1,1,0.0,55.0,12400,29,80,2,9.1,4,1.0,0.0,0.0,0.0,0.0,0.0,0.0,0.0,0.0,0.0,0.0,0.0,0.0,1.0,0.0,0.0,0.0,6.0,164.5,0.0,0.0,1.0,1.8,0.0,0.0,1.0,3.2,240,True
19804,2.9,34.0,0.0,0.6,656.0,26,0,57,1.0,184.0,5351,37,74,0,6.5,5,1.0,0.0,0.0,0.0,0.0,0.0,0.0,0.0,0.0,0.0,0.0,0.0,0.0,1.0,0.0,0.0,0.0,35.0,15.7,0.0,0.0,33.0,42.6,0.0,0.0,0.0,0.0,394,False
629394,19.8,,1713.0,1.0,267.0,1444,1444,1440,4.0,921.0,4167,32,92,1,1.6,19,0.0,1.0,0.0,0.0,1.0,0.0,0.0,0.0,0.0,0.0,0.0,0.0,0.0,0.0,0.0,0.0,0.0,535.0,85.5,11.0,9.2,0.0,0.0,13.0,8.0,1.0,1.2,13,False
18126,3.0,173.0,128.0,0.0,1268.0,62,50,8,0.0,184.0,3002,28,100,2,2.6,20,0.0,1.0,0.0,0.0,0.0,0.0,0.0,0.0,0.0,0.0,0.0,0.0,0.0,0.0,1.0,0.0,0.0,66.0,67.4,0.0,0.0,0.0,0.0,10.0,7.1,1.0,0.6,5,True
6422,2.0,26.0,0.0,0.4480651731160896,713.0,13,0,2,1.0,55.0,4826,37,74,2,21.7,4,1.0,0.0,0.0,0.0,0.0,0.0,0.0,0.0,1.0,0.0,0.0,0.0,0.0,0.0,0.0,0.0,0.0,24.0,26.4,0.0,0.0,9.0,8.4,0.0,0.0,0.0,0.0,395,True
8851,2.1,21.0,0.0,0.8,472.0,22,2,1,0.0,184.0,4823,30,83,2,12.2,4,1.0,0.0,0.0,0.0,0.0,0.0,0.0,0.0,0.0,0.0,0.0,0.0,0.0,1.0,0.0,0.0,0.0,21.0,189.0,0.0,0.0,1.0,1.8,0.0,0.0,1.0,3.2,30,False
25492,3.9,750.0,564.0,0.5219512195121951,1658.0,53,50,725760,0.0,500.0,3729,17,100,1,1,42,0.0,1.0,0.0,0.0,1.0,0.0,0.0,0.0,0.0,0.0,0.0,0.0,0.0,0.0,0.0,0.0,0.0,161.0,32.3,0.0,0.0,17.0,19.1,0.0,0.0,0.0,0.0,12,True
